run_id,text_id,model,metric_score_threshold,total_references,unmatched_references,total_predictions,unmatched_predictions
1,1,gpt-5,1.0,4,3,3,2
1,2,gpt-5,1.0,2,1,2,1
1,3,gpt-5,1.0,3,1,4,2
1,4,gpt-5,1.0,2,1,2,1
1,5,gpt-5,1.0,2,0,3,1
1,6,gpt-5,1.0,2,1,2,1
1,7,gpt-5,1.0,1,0,1,0
1,8,gpt-5,1.0,1,1,2,2
1,9,gpt-5,1.0,1,0,2,1
1,10,gpt-5,1.0,2,0,2,0
1,11,gpt-5,1.0,3,0,3,0
1,12,gpt-5,1.0,5,0,5,0
1,13,gpt-5,1.0,3,1,3,1
1,14,gpt-5,1.0,2,2,3,3
1,15,gpt-5,1.0,3,0,3,0
1,16,gpt-5,1.0,1,0,1,0
1,17,gpt-5,1.0,1,1,1,1
1,18,gpt-5,1.0,1,0,1,0
1,19,gpt-5,1.0,3,1,3,1
1,20,gpt-5,1.0,2,0,2,0
1,21,gpt-5,1.0,3,1,3,1
1,22,gpt-5,1.0,2,0,2,0
1,23,gpt-5,1.0,3,3,3,3
1,24,gpt-5,1.0,3,1,3,1
1,25,gpt-5,1.0,3,0,3,0
1,26,gpt-5,1.0,3,0,3,0
1,27,gpt-5,1.0,2,0,2,0
1,28,gpt-5,1.0,6,3,6,3
1,29,gpt-5,1.0,2,0,2,0
1,30,gpt-5,1.0,2,2,2,2
1,31,gpt-5,1.0,2,1,2,1
1,32,gpt-5,1.0,2,1,2,1
1,33,gpt-5,1.0,4,2,5,3
1,34,gpt-5,1.0,2,1,3,2
1,35,gpt-5,1.0,3,0,3,0
1,36,gpt-5,1.0,1,0,1,0
1,37,gpt-5,1.0,3,2,3,2
1,38,gpt-5,1.0,2,0,2,0
1,39,gpt-5,1.0,1,0,1,0
1,40,gpt-5,1.0,3,0,3,0
1,41,gpt-5,1.0,0,0,0,0
1,42,gpt-5,1.0,0,0,1,1
1,43,gpt-5,1.0,0,0,0,0
1,44,gpt-5,1.0,0,0,0,0
1,45,gpt-5,1.0,0,0,0,0
1,46,gpt-5,1.0,0,0,0,0
1,47,gpt-5,1.0,0,0,1,1
1,48,gpt-5,1.0,0,0,0,0
1,49,gpt-5,1.0,0,0,0,0
1,50,gpt-5,1.0,0,0,1,1
1,51,gpt-5,1.0,0,0,1,1
1,52,gpt-5,1.0,0,0,1,1
1,53,gpt-5,1.0,0,0,0,0
1,54,gpt-5,1.0,0,0,0,0
1,55,gpt-5,1.0,0,0,0,0
1,56,gpt-5,1.0,0,0,0,0
1,57,gpt-5,1.0,0,0,1,1
1,58,gpt-5,1.0,0,0,0,0
1,59,gpt-5,1.0,0,0,0,0
1,60,gpt-5,1.0,0,0,0,0
2,1,gpt-5,1.0,4,2,5,3
2,2,gpt-5,1.0,2,1,2,1
2,3,gpt-5,1.0,3,1,3,1
2,4,gpt-5,1.0,2,1,2,1
2,5,gpt-5,1.0,2,0,3,1
2,6,gpt-5,1.0,2,0,3,1
2,7,gpt-5,1.0,1,0,1,0
2,8,gpt-5,1.0,1,1,2,2
2,9,gpt-5,1.0,1,0,2,1
2,10,gpt-5,1.0,2,0,2,0
2,11,gpt-5,1.0,3,0,3,0
2,12,gpt-5,1.0,5,1,5,1
2,13,gpt-5,1.0,3,1,3,1
2,14,gpt-5,1.0,2,1,3,2
2,15,gpt-5,1.0,3,0,3,0
2,16,gpt-5,1.0,1,0,1,0
2,17,gpt-5,1.0,1,1,1,1
2,18,gpt-5,1.0,1,0,1,0
2,19,gpt-5,1.0,3,1,3,1
2,20,gpt-5,1.0,2,0,2,0
2,21,gpt-5,1.0,3,1,3,1
2,22,gpt-5,1.0,2,0,2,0
2,23,gpt-5,1.0,3,3,3,3
2,24,gpt-5,1.0,3,0,3,0
2,25,gpt-5,1.0,3,0,3,0
2,26,gpt-5,1.0,3,0,3,0
2,27,gpt-5,1.0,2,0,2,0
2,28,gpt-5,1.0,6,3,6,3
2,29,gpt-5,1.0,2,0,2,0
2,30,gpt-5,1.0,2,2,2,2
2,31,gpt-5,1.0,2,0,2,0
2,32,gpt-5,1.0,2,0,2,0
2,33,gpt-5,1.0,4,2,5,3
2,34,gpt-5,1.0,2,0,2,0
2,35,gpt-5,1.0,3,1,3,1
2,36,gpt-5,1.0,1,0,1,0
2,37,gpt-5,1.0,3,0,3,0
2,38,gpt-5,1.0,2,0,2,0
2,39,gpt-5,1.0,1,0,1,0
2,40,gpt-5,1.0,3,0,3,0
2,41,gpt-5,1.0,0,0,0,0
2,42,gpt-5,1.0,0,0,2,2
2,43,gpt-5,1.0,0,0,0,0
2,44,gpt-5,1.0,0,0,0,0
2,45,gpt-5,1.0,0,0,0,0
2,46,gpt-5,1.0,0,0,0,0
2,47,gpt-5,1.0,0,0,1,1
2,48,gpt-5,1.0,0,0,0,0
2,49,gpt-5,1.0,0,0,0,0
2,50,gpt-5,1.0,0,0,1,1
2,51,gpt-5,1.0,0,0,1,1
2,52,gpt-5,1.0,0,0,1,1
2,53,gpt-5,1.0,0,0,0,0
2,54,gpt-5,1.0,0,0,0,0
2,55,gpt-5,1.0,0,0,0,0
2,56,gpt-5,1.0,0,0,0,0
2,57,gpt-5,1.0,0,0,0,0
2,58,gpt-5,1.0,0,0,0,0
2,59,gpt-5,1.0,0,0,0,0
2,60,gpt-5,1.0,0,0,0,0
3,1,gpt-5,1.0,4,2,5,3
3,2,gpt-5,1.0,2,1,2,1
3,3,gpt-5,1.0,3,1,4,2
3,4,gpt-5,1.0,2,2,2,2
3,5,gpt-5,1.0,2,0,2,0
3,6,gpt-5,1.0,2,1,2,1
3,7,gpt-5,1.0,1,0,2,1
3,8,gpt-5,1.0,1,1,2,2
3,9,gpt-5,1.0,1,0,2,1
3,10,gpt-5,1.0,2,0,2,0
3,11,gpt-5,1.0,3,0,3,0
3,12,gpt-5,1.0,5,0,5,0
3,13,gpt-5,1.0,3,1,3,1
3,14,gpt-5,1.0,2,2,3,3
3,15,gpt-5,1.0,3,0,3,0
3,16,gpt-5,1.0,1,0,1,0
3,17,gpt-5,1.0,1,1,1,1
3,18,gpt-5,1.0,1,0,1,0
3,19,gpt-5,1.0,3,1,3,1
3,20,gpt-5,1.0,2,0,2,0
3,21,gpt-5,1.0,3,1,3,1
3,22,gpt-5,1.0,2,0,2,0
3,23,gpt-5,1.0,3,3,3,3
3,24,gpt-5,1.0,3,1,3,1
3,25,gpt-5,1.0,3,0,3,0
3,26,gpt-5,1.0,3,0,3,0
3,27,gpt-5,1.0,2,0,2,0
3,28,gpt-5,1.0,6,0,6,0
3,29,gpt-5,1.0,2,0,2,0
3,30,gpt-5,1.0,2,0,2,0
3,31,gpt-5,1.0,2,2,2,2
3,32,gpt-5,1.0,2,1,2,1
3,33,gpt-5,1.0,4,2,5,3
3,34,gpt-5,1.0,2,0,2,0
3,35,gpt-5,1.0,3,0,3,0
3,36,gpt-5,1.0,1,0,1,0
3,37,gpt-5,1.0,3,1,3,1
3,38,gpt-5,1.0,2,0,2,0
3,39,gpt-5,1.0,1,0,1,0
3,40,gpt-5,1.0,3,0,3,0
3,41,gpt-5,1.0,0,0,0,0
3,42,gpt-5,1.0,0,0,1,1
3,43,gpt-5,1.0,0,0,0,0
3,44,gpt-5,1.0,0,0,0,0
3,45,gpt-5,1.0,0,0,0,0
3,46,gpt-5,1.0,0,0,0,0
3,47,gpt-5,1.0,0,0,1,1
3,48,gpt-5,1.0,0,0,0,0
3,49,gpt-5,1.0,0,0,0,0
3,50,gpt-5,1.0,0,0,1,1
3,51,gpt-5,1.0,0,0,1,1
3,52,gpt-5,1.0,0,0,1,1
3,53,gpt-5,1.0,0,0,0,0
3,54,gpt-5,1.0,0,0,0,0
3,55,gpt-5,1.0,0,0,0,0
3,56,gpt-5,1.0,0,0,0,0
3,57,gpt-5,1.0,0,0,1,1
3,58,gpt-5,1.0,0,0,1,1
3,59,gpt-5,1.0,0,0,0,0
3,60,gpt-5,1.0,0,0,0,0
4,1,gpt-5,1.0,4,2,3,1
4,2,gpt-5,1.0,2,1,2,1
4,3,gpt-5,1.0,3,1,4,2
4,4,gpt-5,1.0,2,1,2,1
4,5,gpt-5,1.0,2,0,2,0
4,6,gpt-5,1.0,2,1,2,1
4,7,gpt-5,1.0,1,0,2,1
4,8,gpt-5,1.0,1,1,2,2
4,9,gpt-5,1.0,1,0,2,1
4,10,gpt-5,1.0,2,0,2,0
4,11,gpt-5,1.0,3,0,3,0
4,12,gpt-5,1.0,5,0,5,0
4,13,gpt-5,1.0,3,1,3,1
4,14,gpt-5,1.0,2,1,3,2
4,15,gpt-5,1.0,3,0,3,0
4,16,gpt-5,1.0,1,0,1,0
4,17,gpt-5,1.0,1,1,1,1
4,18,gpt-5,1.0,1,0,1,0
4,19,gpt-5,1.0,3,1,3,1
4,20,gpt-5,1.0,2,0,2,0
4,21,gpt-5,1.0,3,1,3,1
4,22,gpt-5,1.0,2,0,2,0
4,23,gpt-5,1.0,3,3,3,3
4,24,gpt-5,1.0,3,1,3,1
4,25,gpt-5,1.0,3,0,3,0
4,26,gpt-5,1.0,3,0,3,0
4,27,gpt-5,1.0,2,1,2,1
4,28,gpt-5,1.0,6,3,6,3
4,29,gpt-5,1.0,2,0,2,0
4,30,gpt-5,1.0,2,0,2,0
4,31,gpt-5,1.0,2,0,2,0
4,32,gpt-5,1.0,2,1,2,1
4,33,gpt-5,1.0,4,2,5,3
4,34,gpt-5,1.0,2,0,2,0
4,35,gpt-5,1.0,3,0,3,0
4,36,gpt-5,1.0,1,0,1,0
4,37,gpt-5,1.0,3,1,3,1
4,38,gpt-5,1.0,2,0,2,0
4,39,gpt-5,1.0,1,0,1,0
4,40,gpt-5,1.0,3,0,3,0
4,41,gpt-5,1.0,0,0,0,0
4,42,gpt-5,1.0,0,0,1,1
4,43,gpt-5,1.0,0,0,0,0
4,44,gpt-5,1.0,0,0,0,0
4,45,gpt-5,1.0,0,0,0,0
4,46,gpt-5,1.0,0,0,0,0
4,47,gpt-5,1.0,0,0,1,1
4,48,gpt-5,1.0,0,0,0,0
4,49,gpt-5,1.0,0,0,0,0
4,50,gpt-5,1.0,0,0,1,1
4,51,gpt-5,1.0,0,0,1,1
4,52,gpt-5,1.0,0,0,1,1
4,53,gpt-5,1.0,0,0,0,0
4,54,gpt-5,1.0,0,0,0,0
4,55,gpt-5,1.0,0,0,0,0
4,56,gpt-5,1.0,0,0,0,0
4,57,gpt-5,1.0,0,0,1,1
4,58,gpt-5,1.0,0,0,0,0
4,59,gpt-5,1.0,0,0,0,0
4,60,gpt-5,1.0,0,0,0,0
1,1,gpt-5,0.95,4,2,3,1
1,2,gpt-5,0.95,2,1,2,1
1,3,gpt-5,0.95,3,1,4,2
1,4,gpt-5,0.95,2,0,2,0
1,5,gpt-5,0.95,2,1,3,2
1,6,gpt-5,0.95,2,1,2,1
1,7,gpt-5,0.95,1,0,1,0
1,8,gpt-5,0.95,1,1,2,2
1,9,gpt-5,0.95,1,0,2,1
1,10,gpt-5,0.95,2,0,2,0
1,11,gpt-5,0.95,3,1,3,1
1,12,gpt-5,0.95,5,0,5,0
1,13,gpt-5,0.95,3,1,3,1
1,14,gpt-5,0.95,2,1,3,2
1,15,gpt-5,0.95,3,0,3,0
1,16,gpt-5,0.95,1,0,1,0
1,17,gpt-5,0.95,1,1,1,1
1,18,gpt-5,0.95,1,0,1,0
1,19,gpt-5,0.95,3,1,3,1
1,20,gpt-5,0.95,2,0,2,0
1,21,gpt-5,0.95,3,0,3,0
1,22,gpt-5,0.95,2,0,2,0
1,23,gpt-5,0.95,3,0,3,0
1,24,gpt-5,0.95,3,0,3,0
1,25,gpt-5,0.95,3,0,3,0
1,26,gpt-5,0.95,3,0,3,0
1,27,gpt-5,0.95,2,0,2,0
1,28,gpt-5,0.95,6,1,6,1
1,29,gpt-5,0.95,2,0,2,0
1,30,gpt-5,0.95,2,0,2,0
1,31,gpt-5,0.95,2,2,2,2
1,32,gpt-5,0.95,2,0,2,0
1,33,gpt-5,0.95,4,2,5,3
1,34,gpt-5,0.95,2,0,2,0
1,35,gpt-5,0.95,3,0,3,0
1,36,gpt-5,0.95,1,0,1,0
1,37,gpt-5,0.95,3,1,3,1
1,38,gpt-5,0.95,2,0,2,0
1,39,gpt-5,0.95,1,0,1,0
1,40,gpt-5,0.95,3,0,3,0
1,41,gpt-5,0.95,0,0,0,0
1,42,gpt-5,0.95,0,0,2,2
1,43,gpt-5,0.95,0,0,0,0
1,44,gpt-5,0.95,0,0,0,0
1,45,gpt-5,0.95,0,0,0,0
1,46,gpt-5,0.95,0,0,0,0
1,47,gpt-5,0.95,0,0,1,1
1,48,gpt-5,0.95,0,0,0,0
1,49,gpt-5,0.95,0,0,0,0
1,50,gpt-5,0.95,0,0,1,1
1,51,gpt-5,0.95,0,0,1,1
1,52,gpt-5,0.95,0,0,1,1
1,53,gpt-5,0.95,0,0,0,0
1,54,gpt-5,0.95,0,0,0,0
1,55,gpt-5,0.95,0,0,0,0
1,56,gpt-5,0.95,0,0,0,0
1,57,gpt-5,0.95,0,0,1,1
1,58,gpt-5,0.95,0,0,0,0
1,59,gpt-5,0.95,0,0,0,0
1,60,gpt-5,0.95,0,0,0,0
2,1,gpt-5,0.95,4,2,3,1
2,2,gpt-5,0.95,2,1,2,1
2,3,gpt-5,0.95,3,1,4,2
2,4,gpt-5,0.95,2,0,2,0
2,5,gpt-5,0.95,2,0,2,0
2,6,gpt-5,0.95,2,1,2,1
2,7,gpt-5,0.95,1,0,2,1
2,8,gpt-5,0.95,1,1,2,2
2,9,gpt-5,0.95,1,0,2,1
2,10,gpt-5,0.95,2,0,2,0
2,11,gpt-5,0.95,3,1,3,1
2,12,gpt-5,0.95,5,2,5,2
2,13,gpt-5,0.95,3,2,3,2
2,14,gpt-5,0.95,2,1,3,2
2,15,gpt-5,0.95,3,0,3,0
2,16,gpt-5,0.95,1,0,1,0
2,17,gpt-5,0.95,1,1,1,1
2,18,gpt-5,0.95,1,1,1,1
2,19,gpt-5,0.95,3,1,3,1
2,20,gpt-5,0.95,2,0,2,0
2,21,gpt-5,0.95,3,0,3,0
2,22,gpt-5,0.95,2,0,2,0
2,23,gpt-5,0.95,3,0,3,0
2,24,gpt-5,0.95,3,0,3,0
2,25,gpt-5,0.95,3,0,3,0
2,26,gpt-5,0.95,3,0,3,0
2,27,gpt-5,0.95,2,0,2,0
2,28,gpt-5,0.95,6,2,6,2
2,29,gpt-5,0.95,2,0,2,0
2,30,gpt-5,0.95,2,0,2,0
2,31,gpt-5,0.95,2,2,2,2
2,32,gpt-5,0.95,2,0,2,0
2,33,gpt-5,0.95,4,2,5,3
2,34,gpt-5,0.95,2,0,2,0
2,35,gpt-5,0.95,3,0,3,0
2,36,gpt-5,0.95,1,0,1,0
2,37,gpt-5,0.95,3,0,3,0
2,38,gpt-5,0.95,2,0,2,0
2,39,gpt-5,0.95,1,0,1,0
2,40,gpt-5,0.95,3,0,3,0
2,41,gpt-5,0.95,0,0,0,0
2,42,gpt-5,0.95,0,0,1,1
2,43,gpt-5,0.95,0,0,0,0
2,44,gpt-5,0.95,0,0,0,0
2,45,gpt-5,0.95,0,0,0,0
2,46,gpt-5,0.95,0,0,0,0
2,47,gpt-5,0.95,0,0,1,1
2,48,gpt-5,0.95,0,0,0,0
2,49,gpt-5,0.95,0,0,0,0
2,50,gpt-5,0.95,0,0,1,1
2,51,gpt-5,0.95,0,0,1,1
2,52,gpt-5,0.95,0,0,1,1
2,53,gpt-5,0.95,0,0,0,0
2,54,gpt-5,0.95,0,0,0,0
2,55,gpt-5,0.95,0,0,0,0
2,56,gpt-5,0.95,0,0,0,0
2,57,gpt-5,0.95,0,0,1,1
2,58,gpt-5,0.95,0,0,0,0
2,59,gpt-5,0.95,0,0,0,0
2,60,gpt-5,0.95,0,0,0,0
3,1,gpt-5,0.95,4,2,3,1
3,2,gpt-5,0.95,2,1,2,1
3,3,gpt-5,0.95,3,1,4,2
3,4,gpt-5,0.95,2,0,2,0
3,5,gpt-5,0.95,2,0,2,0
3,6,gpt-5,0.95,2,0,2,0
3,7,gpt-5,0.95,1,0,1,0
3,8,gpt-5,0.95,1,1,2,2
3,9,gpt-5,0.95,1,0,2,1
3,10,gpt-5,0.95,2,0,2,0
3,11,gpt-5,0.95,3,0,3,0
3,12,gpt-5,0.95,5,1,5,1
3,13,gpt-5,0.95,3,1,3,1
3,14,gpt-5,0.95,2,1,2,1
3,15,gpt-5,0.95,3,0,3,0
3,16,gpt-5,0.95,1,0,1,0
3,17,gpt-5,0.95,1,1,1,1
3,18,gpt-5,0.95,1,0,1,0
3,19,gpt-5,0.95,3,1,3,1
3,20,gpt-5,0.95,2,1,2,1
3,21,gpt-5,0.95,3,1,3,1
3,22,gpt-5,0.95,2,0,2,0
3,23,gpt-5,0.95,3,0,3,0
3,24,gpt-5,0.95,3,0,3,0
3,25,gpt-5,0.95,3,0,3,0
3,26,gpt-5,0.95,3,0,3,0
3,27,gpt-5,0.95,2,1,2,1
3,28,gpt-5,0.95,6,0,6,0
3,29,gpt-5,0.95,2,0,2,0
3,30,gpt-5,0.95,2,0,2,0
3,31,gpt-5,0.95,2,0,2,0
3,32,gpt-5,0.95,2,0,2,0
3,33,gpt-5,0.95,4,2,5,3
3,34,gpt-5,0.95,2,0,2,0
3,35,gpt-5,0.95,3,0,3,0
3,36,gpt-5,0.95,1,0,1,0
3,37,gpt-5,0.95,3,1,3,1
3,38,gpt-5,0.95,2,0,2,0
3,39,gpt-5,0.95,1,0,1,0
3,40,gpt-5,0.95,3,2,3,2
3,41,gpt-5,0.95,0,0,0,0
3,42,gpt-5,0.95,0,0,1,1
3,43,gpt-5,0.95,0,0,0,0
3,44,gpt-5,0.95,0,0,0,0
3,45,gpt-5,0.95,0,0,0,0
3,46,gpt-5,0.95,0,0,0,0
3,47,gpt-5,0.95,0,0,1,1
3,48,gpt-5,0.95,0,0,0,0
3,49,gpt-5,0.95,0,0,0,0
3,50,gpt-5,0.95,0,0,1,1
3,51,gpt-5,0.95,0,0,1,1
3,52,gpt-5,0.95,0,0,1,1
3,53,gpt-5,0.95,0,0,0,0
3,54,gpt-5,0.95,0,0,0,0
3,55,gpt-5,0.95,0,0,0,0
3,56,gpt-5,0.95,0,0,0,0
3,57,gpt-5,0.95,0,0,1,1
3,58,gpt-5,0.95,0,0,0,0
3,59,gpt-5,0.95,0,0,0,0
3,60,gpt-5,0.95,0,0,0,0
4,1,gpt-5,0.95,4,2,3,1
4,2,gpt-5,0.95,2,1,2,1
4,3,gpt-5,0.95,3,1,4,2
4,4,gpt-5,0.95,2,0,2,0
4,5,gpt-5,0.95,2,1,2,1
4,6,gpt-5,0.95,2,1,2,1
4,7,gpt-5,0.95,1,0,1,0
4,8,gpt-5,0.95,1,0,2,1
4,9,gpt-5,0.95,1,0,2,1
4,10,gpt-5,0.95,2,0,2,0
4,11,gpt-5,0.95,3,0,3,0
4,12,gpt-5,0.95,5,2,5,2
4,13,gpt-5,0.95,3,0,3,0
4,14,gpt-5,0.95,2,1,3,2
4,15,gpt-5,0.95,3,0,3,0
4,16,gpt-5,0.95,1,0,1,0
4,17,gpt-5,0.95,1,1,1,1
4,18,gpt-5,0.95,1,0,1,0
4,19,gpt-5,0.95,3,1,3,1
4,20,gpt-5,0.95,2,1,2,1
4,21,gpt-5,0.95,3,1,3,1
4,22,gpt-5,0.95,2,0,2,0
4,23,gpt-5,0.95,3,0,3,0
4,24,gpt-5,0.95,3,1,3,1
4,25,gpt-5,0.95,3,0,3,0
4,26,gpt-5,0.95,3,0,3,0
4,27,gpt-5,0.95,2,0,2,0
4,28,gpt-5,0.95,6,0,6,0
4,29,gpt-5,0.95,2,0,2,0
4,30,gpt-5,0.95,2,0,2,0
4,31,gpt-5,0.95,2,0,2,0
4,32,gpt-5,0.95,2,0,2,0
4,33,gpt-5,0.95,4,2,5,3
4,34,gpt-5,0.95,2,0,2,0
4,35,gpt-5,0.95,3,0,3,0
4,36,gpt-5,0.95,1,0,1,0
4,37,gpt-5,0.95,3,1,3,1
4,38,gpt-5,0.95,2,0,2,0
4,39,gpt-5,0.95,1,0,1,0
4,40,gpt-5,0.95,3,0,3,0
4,41,gpt-5,0.95,0,0,0,0
4,42,gpt-5,0.95,0,0,1,1
4,43,gpt-5,0.95,0,0,0,0
4,44,gpt-5,0.95,0,0,0,0
4,45,gpt-5,0.95,0,0,0,0
4,46,gpt-5,0.95,0,0,0,0
4,47,gpt-5,0.95,0,0,1,1
4,48,gpt-5,0.95,0,0,0,0
4,49,gpt-5,0.95,0,0,0,0
4,50,gpt-5,0.95,0,0,1,1
4,51,gpt-5,0.95,0,0,1,1
4,52,gpt-5,0.95,0,0,1,1
4,53,gpt-5,0.95,0,0,0,0
4,54,gpt-5,0.95,0,0,0,0
4,55,gpt-5,0.95,0,0,0,0
4,56,gpt-5,0.95,0,0,0,0
4,57,gpt-5,0.95,0,0,1,1
4,58,gpt-5,0.95,0,0,0,0
4,59,gpt-5,0.95,0,0,0,0
4,60,gpt-5,0.95,0,0,0,0
5,1,gpt-5,0.9,4,1,3,0
5,2,gpt-5,0.9,2,1,2,1
5,3,gpt-5,0.9,3,1,4,2
5,4,gpt-5,0.9,2,0,2,0
5,5,gpt-5,0.9,2,0,2,0
5,6,gpt-5,0.9,2,0,2,0
5,7,gpt-5,0.9,1,0,2,1
5,8,gpt-5,0.9,1,0,2,1
5,9,gpt-5,0.9,1,0,2,1
5,10,gpt-5,0.9,2,0,2,0
5,11,gpt-5,0.9,3,0,3,0
5,12,gpt-5,0.9,5,0,5,0
5,13,gpt-5,0.9,3,0,3,0
5,14,gpt-5,0.9,2,0,3,1
5,15,gpt-5,0.9,3,0,3,0
5,16,gpt-5,0.9,1,0,1,0
5,17,gpt-5,0.9,1,1,1,1
5,18,gpt-5,0.9,1,0,1,0
5,19,gpt-5,0.9,3,1,3,1
5,20,gpt-5,0.9,2,1,2,1
5,21,gpt-5,0.9,3,0,3,0
5,22,gpt-5,0.9,2,0,2,0
5,23,gpt-5,0.9,3,0,3,0
5,24,gpt-5,0.9,3,0,3,0
5,25,gpt-5,0.9,3,0,3,0
5,26,gpt-5,0.9,3,0,3,0
5,27,gpt-5,0.9,2,0,2,0
5,28,gpt-5,0.9,6,2,6,2
5,29,gpt-5,0.9,2,0,2,0
5,30,gpt-5,0.9,2,0,2,0
5,31,gpt-5,0.9,2,0,2,0
5,32,gpt-5,0.9,2,0,2,0
5,33,gpt-5,0.9,4,2,5,3
5,34,gpt-5,0.9,2,0,2,0
5,35,gpt-5,0.9,3,0,3,0
5,36,gpt-5,0.9,1,1,1,1
5,37,gpt-5,0.9,3,0,3,0
5,38,gpt-5,0.9,2,0,2,0
5,39,gpt-5,0.9,1,0,1,0
5,40,gpt-5,0.9,3,0,3,0
5,41,gpt-5,0.9,0,0,0,0
5,42,gpt-5,0.9,0,0,1,1
5,43,gpt-5,0.9,0,0,0,0
5,44,gpt-5,0.9,0,0,0,0
5,45,gpt-5,0.9,0,0,0,0
5,46,gpt-5,0.9,0,0,0,0
5,47,gpt-5,0.9,0,0,1,1
5,48,gpt-5,0.9,0,0,0,0
5,49,gpt-5,0.9,0,0,0,0
5,50,gpt-5,0.9,0,0,1,1
5,51,gpt-5,0.9,0,0,1,1
5,52,gpt-5,0.9,0,0,1,1
5,53,gpt-5,0.9,0,0,0,0
5,54,gpt-5,0.9,0,0,0,0
5,55,gpt-5,0.9,0,0,0,0
5,56,gpt-5,0.9,0,0,0,0
5,57,gpt-5,0.9,0,0,1,1
5,58,gpt-5,0.9,0,0,0,0
5,59,gpt-5,0.9,0,0,0,0
5,60,gpt-5,0.9,0,0,0,0
6,1,gpt-5,0.9,4,1,3,0
6,2,gpt-5,0.9,2,1,2,1
6,3,gpt-5,0.9,3,1,4,2
6,4,gpt-5,0.9,2,0,2,0
6,5,gpt-5,0.9,2,0,2,0
6,6,gpt-5,0.9,2,0,2,0
6,7,gpt-5,0.9,1,0,1,0
6,8,gpt-5,0.9,1,1,2,2
6,9,gpt-5,0.9,1,0,2,1
6,10,gpt-5,0.9,2,0,2,0
6,11,gpt-5,0.9,3,0,3,0
6,12,gpt-5,0.9,5,1,5,1
6,13,gpt-5,0.9,3,0,3,0
6,14,gpt-5,0.9,2,0,3,1
6,15,gpt-5,0.9,3,0,3,0
6,16,gpt-5,0.9,1,0,1,0
6,17,gpt-5,0.9,1,1,1,1
6,18,gpt-5,0.9,1,0,1,0
6,19,gpt-5,0.9,3,1,3,1
6,20,gpt-5,0.9,2,1,2,1
6,21,gpt-5,0.9,3,0,3,0
6,22,gpt-5,0.9,2,0,2,0
6,23,gpt-5,0.9,3,1,3,1
6,24,gpt-5,0.9,3,0,3,0
6,25,gpt-5,0.9,3,0,3,0
6,26,gpt-5,0.9,3,0,3,0
6,27,gpt-5,0.9,2,0,2,0
6,28,gpt-5,0.9,6,2,6,2
6,29,gpt-5,0.9,2,0,2,0
6,30,gpt-5,0.9,2,1,2,1
6,31,gpt-5,0.9,2,0,2,0
6,32,gpt-5,0.9,2,0,2,0
6,33,gpt-5,0.9,4,2,5,3
6,34,gpt-5,0.9,2,0,2,0
6,35,gpt-5,0.9,3,0,3,0
6,36,gpt-5,0.9,1,0,1,0
6,37,gpt-5,0.9,3,1,3,1
6,38,gpt-5,0.9,2,0,2,0
6,39,gpt-5,0.9,1,0,1,0
6,40,gpt-5,0.9,3,1,3,1
6,41,gpt-5,0.9,0,0,0,0
6,42,gpt-5,0.9,0,0,1,1
6,43,gpt-5,0.9,0,0,0,0
6,44,gpt-5,0.9,0,0,0,0
6,45,gpt-5,0.9,0,0,0,0
6,46,gpt-5,0.9,0,0,0,0
6,47,gpt-5,0.9,0,0,1,1
6,48,gpt-5,0.9,0,0,0,0
6,49,gpt-5,0.9,0,0,0,0
6,50,gpt-5,0.9,0,0,1,1
6,51,gpt-5,0.9,0,0,1,1
6,52,gpt-5,0.9,0,0,1,1
6,53,gpt-5,0.9,0,0,0,0
6,54,gpt-5,0.9,0,0,0,0
6,55,gpt-5,0.9,0,0,0,0
6,56,gpt-5,0.9,0,0,0,0
6,57,gpt-5,0.9,0,0,1,1
6,58,gpt-5,0.9,0,0,0,0
6,59,gpt-5,0.9,0,0,0,0
6,60,gpt-5,0.9,0,0,0,0
7,1,gpt-5,0.9,4,1,3,0
7,2,gpt-5,0.9,2,1,2,1
7,3,gpt-5,0.9,3,1,4,2
7,4,gpt-5,0.9,2,0,2,0
7,5,gpt-5,0.9,2,0,2,0
7,6,gpt-5,0.9,2,0,2,0
7,7,gpt-5,0.9,1,0,1,0
7,8,gpt-5,0.9,1,0,2,1
7,9,gpt-5,0.9,1,0,2,1
7,10,gpt-5,0.9,2,0,2,0
7,11,gpt-5,0.9,3,0,3,0
7,12,gpt-5,0.9,5,1,5,1
7,13,gpt-5,0.9,3,1,3,1
7,14,gpt-5,0.9,2,0,2,0
7,15,gpt-5,0.9,3,0,3,0
7,16,gpt-5,0.9,1,0,1,0
7,17,gpt-5,0.9,1,1,1,1
7,18,gpt-5,0.9,1,0,1,0
7,19,gpt-5,0.9,3,1,3,1
7,20,gpt-5,0.9,2,0,2,0
7,21,gpt-5,0.9,3,0,3,0
7,22,gpt-5,0.9,2,0,2,0
7,23,gpt-5,0.9,3,1,3,1
7,24,gpt-5,0.9,3,0,3,0
7,25,gpt-5,0.9,3,0,3,0
7,26,gpt-5,0.9,3,0,3,0
7,27,gpt-5,0.9,2,0,2,0
7,28,gpt-5,0.9,6,1,6,1
7,29,gpt-5,0.9,2,0,2,0
7,30,gpt-5,0.9,2,0,2,0
7,31,gpt-5,0.9,2,0,2,0
7,32,gpt-5,0.9,2,0,2,0
7,33,gpt-5,0.9,4,2,5,3
7,34,gpt-5,0.9,2,0,2,0
7,35,gpt-5,0.9,3,0,3,0
7,36,gpt-5,0.9,1,0,1,0
7,37,gpt-5,0.9,3,0,3,0
7,38,gpt-5,0.9,2,0,2,0
7,39,gpt-5,0.9,1,0,1,0
7,40,gpt-5,0.9,3,0,3,0
7,41,gpt-5,0.9,0,0,0,0
7,42,gpt-5,0.9,0,0,1,1
7,43,gpt-5,0.9,0,0,0,0
7,44,gpt-5,0.9,0,0,0,0
7,45,gpt-5,0.9,0,0,0,0
7,46,gpt-5,0.9,0,0,0,0
7,47,gpt-5,0.9,0,0,1,1
7,48,gpt-5,0.9,0,0,0,0
7,49,gpt-5,0.9,0,0,0,0
7,50,gpt-5,0.9,0,0,1,1
7,51,gpt-5,0.9,0,0,1,1
7,52,gpt-5,0.9,0,0,1,1
7,53,gpt-5,0.9,0,0,0,0
7,54,gpt-5,0.9,0,0,0,0
7,55,gpt-5,0.9,0,0,0,0
7,56,gpt-5,0.9,0,0,0,0
7,57,gpt-5,0.9,0,0,0,0
7,58,gpt-5,0.9,0,0,0,0
7,59,gpt-5,0.9,0,0,0,0
7,60,gpt-5,0.9,0,0,0,0
8,1,gpt-5,0.9,4,1,3,0
8,2,gpt-5,0.9,2,1,2,1
8,3,gpt-5,0.9,3,1,4,2
8,4,gpt-5,0.9,2,0,2,0
8,5,gpt-5,0.9,2,0,2,0
8,6,gpt-5,0.9,2,0,2,0
8,7,gpt-5,0.9,1,0,1,0
8,8,gpt-5,0.9,1,0,2,1
8,9,gpt-5,0.9,1,0,2,1
8,10,gpt-5,0.9,2,0,2,0
8,11,gpt-5,0.9,3,0,3,0
8,12,gpt-5,0.9,5,0,5,0
8,13,gpt-5,0.9,3,0,3,0
8,14,gpt-5,0.9,2,0,3,1
8,15,gpt-5,0.9,3,0,3,0
8,16,gpt-5,0.9,1,0,1,0
8,17,gpt-5,0.9,1,1,1,1
8,18,gpt-5,0.9,1,0,1,0
8,19,gpt-5,0.9,3,2,3,2
8,20,gpt-5,0.9,2,1,2,1
8,21,gpt-5,0.9,3,0,3,0
8,22,gpt-5,0.9,2,0,2,0
8,23,gpt-5,0.9,3,0,3,0
8,24,gpt-5,0.9,3,0,3,0
8,25,gpt-5,0.9,3,0,3,0
8,26,gpt-5,0.9,3,0,3,0
8,27,gpt-5,0.9,2,0,2,0
8,28,gpt-5,0.9,6,2,6,2
8,29,gpt-5,0.9,2,0,2,0
8,30,gpt-5,0.9,2,0,2,0
8,31,gpt-5,0.9,2,2,2,2
8,32,gpt-5,0.9,2,0,2,0
8,33,gpt-5,0.9,4,2,5,3
8,34,gpt-5,0.9,2,0,2,0
8,35,gpt-5,0.9,3,0,3,0
8,36,gpt-5,0.9,1,0,1,0
8,37,gpt-5,0.9,3,0,3,0
8,38,gpt-5,0.9,2,0,2,0
8,39,gpt-5,0.9,1,0,1,0
8,40,gpt-5,0.9,3,0,3,0
8,41,gpt-5,0.9,0,0,0,0
8,42,gpt-5,0.9,0,0,1,1
8,43,gpt-5,0.9,0,0,0,0
8,44,gpt-5,0.9,0,0,0,0
8,45,gpt-5,0.9,0,0,0,0
8,46,gpt-5,0.9,0,0,0,0
8,47,gpt-5,0.9,0,0,1,1
8,48,gpt-5,0.9,0,0,0,0
8,49,gpt-5,0.9,0,0,0,0
8,50,gpt-5,0.9,0,0,1,1
8,51,gpt-5,0.9,0,0,2,2
8,52,gpt-5,0.9,0,0,1,1
8,53,gpt-5,0.9,0,0,0,0
8,54,gpt-5,0.9,0,0,0,0
8,55,gpt-5,0.9,0,0,0,0
8,56,gpt-5,0.9,0,0,0,0
8,57,gpt-5,0.9,0,0,0,0
8,58,gpt-5,0.9,0,0,0,0
8,59,gpt-5,0.9,0,0,0,0
8,60,gpt-5,0.9,0,0,0,0
9,1,gpt-5,0.85,4,1,5,2
9,2,gpt-5,0.85,2,1,2,1
9,3,gpt-5,0.85,3,1,3,1
9,4,gpt-5,0.85,2,0,2,0
9,5,gpt-5,0.85,2,0,3,1
9,6,gpt-5,0.85,2,0,2,0
9,7,gpt-5,0.85,1,0,1,0
9,8,gpt-5,0.85,1,0,2,1
9,9,gpt-5,0.85,1,0,2,1
9,10,gpt-5,0.85,2,0,2,0
9,11,gpt-5,0.85,3,0,3,0
9,12,gpt-5,0.85,5,0,5,0
9,13,gpt-5,0.85,3,0,3,0
9,14,gpt-5,0.85,2,0,2,0
9,15,gpt-5,0.85,3,0,3,0
9,16,gpt-5,0.85,1,0,1,0
9,17,gpt-5,0.85,1,1,1,1
9,18,gpt-5,0.85,1,0,1,0
9,19,gpt-5,0.85,3,1,3,1
9,20,gpt-5,0.85,2,0,2,0
9,21,gpt-5,0.85,3,0,3,0
9,22,gpt-5,0.85,2,0,2,0
9,23,gpt-5,0.85,3,0,3,0
9,24,gpt-5,0.85,3,0,3,0
9,25,gpt-5,0.85,3,0,3,0
9,26,gpt-5,0.85,3,0,3,0
9,27,gpt-5,0.85,2,0,2,0
9,28,gpt-5,0.85,6,1,6,1
9,29,gpt-5,0.85,2,1,2,1
9,30,gpt-5,0.85,2,0,2,0
9,31,gpt-5,0.85,2,0,2,0
9,32,gpt-5,0.85,2,0,2,0
9,33,gpt-5,0.85,4,2,5,3
9,34,gpt-5,0.85,2,0,2,0
9,35,gpt-5,0.85,3,0,3,0
9,36,gpt-5,0.85,1,0,1,0
9,37,gpt-5,0.85,3,0,3,0
9,38,gpt-5,0.85,2,0,2,0
9,39,gpt-5,0.85,1,0,1,0
9,40,gpt-5,0.85,3,0,3,0
9,41,gpt-5,0.85,0,0,0,0
9,42,gpt-5,0.85,0,0,1,1
9,43,gpt-5,0.85,0,0,0,0
9,44,gpt-5,0.85,0,0,0,0
9,45,gpt-5,0.85,0,0,0,0
9,46,gpt-5,0.85,0,0,0,0
9,47,gpt-5,0.85,0,0,1,1
9,48,gpt-5,0.85,0,0,0,0
9,49,gpt-5,0.85,0,0,0,0
9,50,gpt-5,0.85,0,0,1,1
9,51,gpt-5,0.85,0,0,1,1
9,52,gpt-5,0.85,0,0,1,1
9,53,gpt-5,0.85,0,0,0,0
9,54,gpt-5,0.85,0,0,0,0
9,55,gpt-5,0.85,0,0,0,0
9,56,gpt-5,0.85,0,0,0,0
9,57,gpt-5,0.85,0,0,0,0
9,58,gpt-5,0.85,0,0,0,0
9,59,gpt-5,0.85,0,0,0,0
9,60,gpt-5,0.85,0,0,0,0
10,1,gpt-5,0.85,4,1,3,0
10,2,gpt-5,0.85,2,1,2,1
10,3,gpt-5,0.85,3,1,4,2
10,4,gpt-5,0.85,2,0,2,0
10,5,gpt-5,0.85,2,0,2,0
10,6,gpt-5,0.85,2,0,2,0
10,7,gpt-5,0.85,1,0,1,0
10,8,gpt-5,0.85,1,0,2,1
10,9,gpt-5,0.85,1,0,2,1
10,10,gpt-5,0.85,2,0,2,0
10,11,gpt-5,0.85,3,0,3,0
10,12,gpt-5,0.85,5,0,5,0
10,13,gpt-5,0.85,3,0,3,0
10,14,gpt-5,0.85,2,0,3,1
10,15,gpt-5,0.85,3,0,3,0
10,16,gpt-5,0.85,1,0,1,0
10,17,gpt-5,0.85,1,1,1,1
10,18,gpt-5,0.85,1,0,1,0
10,19,gpt-5,0.85,3,1,3,1
10,20,gpt-5,0.85,2,1,2,1
10,21,gpt-5,0.85,3,0,3,0
10,22,gpt-5,0.85,2,0,2,0
10,23,gpt-5,0.85,3,0,3,0
10,24,gpt-5,0.85,3,1,3,1
10,25,gpt-5,0.85,3,0,3,0
10,26,gpt-5,0.85,3,0,3,0
10,27,gpt-5,0.85,2,0,2,0
10,28,gpt-5,0.85,6,1,6,1
10,29,gpt-5,0.85,2,0,2,0
10,30,gpt-5,0.85,2,0,2,0
10,31,gpt-5,0.85,2,2,2,2
10,32,gpt-5,0.85,2,0,2,0
10,33,gpt-5,0.85,4,2,5,3
10,34,gpt-5,0.85,2,0,2,0
10,35,gpt-5,0.85,3,0,3,0
10,36,gpt-5,0.85,1,0,1,0
10,37,gpt-5,0.85,3,0,3,0
10,38,gpt-5,0.85,2,0,2,0
10,39,gpt-5,0.85,1,0,1,0
10,40,gpt-5,0.85,3,0,3,0
10,41,gpt-5,0.85,0,0,0,0
10,42,gpt-5,0.85,0,0,1,1
10,43,gpt-5,0.85,0,0,0,0
10,44,gpt-5,0.85,0,0,0,0
10,45,gpt-5,0.85,0,0,0,0
10,46,gpt-5,0.85,0,0,0,0
10,47,gpt-5,0.85,0,0,1,1
10,48,gpt-5,0.85,0,0,0,0
10,49,gpt-5,0.85,0,0,0,0
10,50,gpt-5,0.85,0,0,1,1
10,51,gpt-5,0.85,0,0,1,1
10,52,gpt-5,0.85,0,0,1,1
10,53,gpt-5,0.85,0,0,0,0
10,54,gpt-5,0.85,0,0,0,0
10,55,gpt-5,0.85,0,0,0,0
10,56,gpt-5,0.85,0,0,0,0
10,57,gpt-5,0.85,0,0,1,1
10,58,gpt-5,0.85,0,0,0,0
10,59,gpt-5,0.85,0,0,0,0
10,60,gpt-5,0.85,0,0,0,0
11,1,gpt-5,0.85,4,1,5,2
11,2,gpt-5,0.85,2,1,2,1
11,3,gpt-5,0.85,3,1,3,1
11,4,gpt-5,0.85,2,0,2,0
11,5,gpt-5,0.85,2,0,3,1
11,6,gpt-5,0.85,2,0,2,0
11,7,gpt-5,0.85,1,0,1,0
11,8,gpt-5,0.85,1,1,2,2
11,9,gpt-5,0.85,1,0,2,1
11,10,gpt-5,0.85,2,0,2,0
11,11,gpt-5,0.85,3,0,3,0
11,12,gpt-5,0.85,5,0,5,0
11,13,gpt-5,0.85,3,0,3,0
11,14,gpt-5,0.85,2,0,3,1
11,15,gpt-5,0.85,3,0,3,0
11,16,gpt-5,0.85,1,0,1,0
11,17,gpt-5,0.85,1,1,1,1
11,18,gpt-5,0.85,1,0,1,0
11,19,gpt-5,0.85,3,1,3,1
11,20,gpt-5,0.85,2,1,2,1
11,21,gpt-5,0.85,3,0,3,0
11,22,gpt-5,0.85,2,0,2,0
11,23,gpt-5,0.85,3,1,3,1
11,24,gpt-5,0.85,3,0,3,0
11,25,gpt-5,0.85,3,0,3,0
11,26,gpt-5,0.85,3,0,3,0
11,27,gpt-5,0.85,2,0,2,0
11,28,gpt-5,0.85,6,1,6,1
11,29,gpt-5,0.85,2,0,2,0
11,30,gpt-5,0.85,2,0,2,0
11,31,gpt-5,0.85,2,0,2,0
11,32,gpt-5,0.85,2,0,2,0
11,33,gpt-5,0.85,4,2,5,3
11,34,gpt-5,0.85,2,0,2,0
11,35,gpt-5,0.85,3,0,3,0
11,36,gpt-5,0.85,1,0,1,0
11,37,gpt-5,0.85,3,0,3,0
11,38,gpt-5,0.85,2,0,2,0
11,39,gpt-5,0.85,1,0,1,0
11,40,gpt-5,0.85,3,0,3,0
11,41,gpt-5,0.85,0,0,0,0
11,42,gpt-5,0.85,0,0,1,1
11,43,gpt-5,0.85,0,0,0,0
11,44,gpt-5,0.85,0,0,0,0
11,45,gpt-5,0.85,0,0,0,0
11,46,gpt-5,0.85,0,0,0,0
11,47,gpt-5,0.85,0,0,1,1
11,48,gpt-5,0.85,0,0,0,0
11,49,gpt-5,0.85,0,0,0,0
11,50,gpt-5,0.85,0,0,1,1
11,51,gpt-5,0.85,0,0,1,1
11,52,gpt-5,0.85,0,0,1,1
11,53,gpt-5,0.85,0,0,0,0
11,54,gpt-5,0.85,0,0,0,0
11,55,gpt-5,0.85,0,0,0,0
11,56,gpt-5,0.85,0,0,0,0
11,57,gpt-5,0.85,0,0,0,0
11,58,gpt-5,0.85,0,0,0,0
11,59,gpt-5,0.85,0,0,0,0
11,60,gpt-5,0.85,0,0,0,0
12,1,gpt-5,0.85,4,1,4,1
12,2,gpt-5,0.85,2,1,2,1
12,3,gpt-5,0.85,3,1,3,1
12,4,gpt-5,0.85,2,0,2,0
12,5,gpt-5,0.85,2,0,2,0
12,6,gpt-5,0.85,2,0,2,0
12,7,gpt-5,0.85,1,0,1,0
12,8,gpt-5,0.85,1,0,2,1
12,9,gpt-5,0.85,1,0,2,1
12,10,gpt-5,0.85,2,0,2,0
12,11,gpt-5,0.85,3,0,3,0
12,12,gpt-5,0.85,5,1,5,1
12,13,gpt-5,0.85,3,0,3,0
12,14,gpt-5,0.85,2,0,2,0
12,15,gpt-5,0.85,3,0,3,0
12,16,gpt-5,0.85,1,0,1,0
12,17,gpt-5,0.85,1,1,1,1
12,18,gpt-5,0.85,1,1,1,1
12,19,gpt-5,0.85,3,1,3,1
12,20,gpt-5,0.85,2,0,2,0
12,21,gpt-5,0.85,3,0,3,0
12,22,gpt-5,0.85,2,0,2,0
12,23,gpt-5,0.85,3,1,3,1
12,24,gpt-5,0.85,3,0,3,0
12,25,gpt-5,0.85,3,0,3,0
12,26,gpt-5,0.85,3,0,3,0
12,27,gpt-5,0.85,2,0,2,0
12,28,gpt-5,0.85,6,0,6,0
12,29,gpt-5,0.85,2,0,2,0
12,30,gpt-5,0.85,2,0,2,0
12,31,gpt-5,0.85,2,2,2,2
12,32,gpt-5,0.85,2,0,2,0
12,33,gpt-5,0.85,4,2,5,3
12,34,gpt-5,0.85,2,0,2,0
12,35,gpt-5,0.85,3,0,3,0
12,36,gpt-5,0.85,1,0,1,0
12,37,gpt-5,0.85,3,0,3,0
12,38,gpt-5,0.85,2,0,2,0
12,39,gpt-5,0.85,1,0,1,0
12,40,gpt-5,0.85,3,1,3,1
12,41,gpt-5,0.85,0,0,0,0
12,42,gpt-5,0.85,0,0,1,1
12,43,gpt-5,0.85,0,0,0,0
12,44,gpt-5,0.85,0,0,0,0
12,45,gpt-5,0.85,0,0,0,0
12,46,gpt-5,0.85,0,0,2,2
12,47,gpt-5,0.85,0,0,1,1
12,48,gpt-5,0.85,0,0,0,0
12,49,gpt-5,0.85,0,0,0,0
12,50,gpt-5,0.85,0,0,1,1
12,51,gpt-5,0.85,0,0,1,1
12,52,gpt-5,0.85,0,0,1,1
12,53,gpt-5,0.85,0,0,0,0
12,54,gpt-5,0.85,0,0,0,0
12,55,gpt-5,0.85,0,0,0,0
12,56,gpt-5,0.85,0,0,0,0
12,57,gpt-5,0.85,0,0,0,0
12,58,gpt-5,0.85,0,0,0,0
12,59,gpt-5,0.85,0,0,0,0
12,60,gpt-5,0.85,0,0,0,0
13,1,gpt-5,0.8,4,1,3,0
13,2,gpt-5,0.8,2,0,2,0
13,3,gpt-5,0.8,3,0,4,1
13,4,gpt-5,0.8,2,0,2,0
13,5,gpt-5,0.8,2,0,2,0
13,6,gpt-5,0.8,2,0,2,0
13,7,gpt-5,0.8,1,0,2,1
13,8,gpt-5,0.8,1,0,2,1
13,9,gpt-5,0.8,1,0,2,1
13,10,gpt-5,0.8,2,0,2,0
13,11,gpt-5,0.8,3,0,3,0
13,12,gpt-5,0.8,5,0,5,0
13,13,gpt-5,0.8,3,0,3,0
13,14,gpt-5,0.8,2,1,3,2
13,15,gpt-5,0.8,3,0,3,0
13,16,gpt-5,0.8,1,0,1,0
13,17,gpt-5,0.8,1,0,1,0
13,18,gpt-5,0.8,1,0,1,0
13,19,gpt-5,0.8,3,0,3,0
13,20,gpt-5,0.8,2,1,2,1
13,21,gpt-5,0.8,3,0,3,0
13,22,gpt-5,0.8,2,0,2,0
13,23,gpt-5,0.8,3,0,3,0
13,24,gpt-5,0.8,3,0,3,0
13,25,gpt-5,0.8,3,0,3,0
13,26,gpt-5,0.8,3,0,3,0
13,27,gpt-5,0.8,2,0,2,0
13,28,gpt-5,0.8,6,1,6,1
13,29,gpt-5,0.8,2,0,2,0
13,30,gpt-5,0.8,2,0,2,0
13,31,gpt-5,0.8,2,0,2,0
13,32,gpt-5,0.8,2,0,2,0
13,33,gpt-5,0.8,4,2,5,3
13,34,gpt-5,0.8,2,0,2,0
13,35,gpt-5,0.8,3,0,3,0
13,36,gpt-5,0.8,1,0,1,0
13,37,gpt-5,0.8,3,0,3,0
13,38,gpt-5,0.8,2,0,2,0
13,39,gpt-5,0.8,1,0,1,0
13,40,gpt-5,0.8,3,0,3,0
13,41,gpt-5,0.8,0,0,0,0
13,42,gpt-5,0.8,0,0,1,1
13,43,gpt-5,0.8,0,0,0,0
13,44,gpt-5,0.8,0,0,0,0
13,45,gpt-5,0.8,0,0,0,0
13,46,gpt-5,0.8,0,0,0,0
13,47,gpt-5,0.8,0,0,1,1
13,48,gpt-5,0.8,0,0,0,0
13,49,gpt-5,0.8,0,0,0,0
13,50,gpt-5,0.8,0,0,1,1
13,51,gpt-5,0.8,0,0,1,1
13,52,gpt-5,0.8,0,0,1,1
13,53,gpt-5,0.8,0,0,0,0
13,54,gpt-5,0.8,0,0,0,0
13,55,gpt-5,0.8,0,0,0,0
13,56,gpt-5,0.8,0,0,0,0
13,57,gpt-5,0.8,0,0,1,1
13,58,gpt-5,0.8,0,0,0,0
13,59,gpt-5,0.8,0,0,0,0
13,60,gpt-5,0.8,0,0,0,0
14,1,gpt-5,0.8,4,1,3,0
14,2,gpt-5,0.8,2,0,2,0
14,3,gpt-5,0.8,3,0,4,1
14,4,gpt-5,0.8,2,0,2,0
14,5,gpt-5,0.8,2,0,2,0
14,6,gpt-5,0.8,2,0,2,0
14,7,gpt-5,0.8,1,0,2,1
14,8,gpt-5,0.8,1,0,2,1
14,9,gpt-5,0.8,1,0,2,1
14,10,gpt-5,0.8,2,0,2,0
14,11,gpt-5,0.8,3,0,3,0
14,12,gpt-5,0.8,5,0,5,0
14,13,gpt-5,0.8,3,0,3,0
14,14,gpt-5,0.8,2,0,3,1
14,15,gpt-5,0.8,3,0,3,0
14,16,gpt-5,0.8,1,0,1,0
14,17,gpt-5,0.8,1,0,1,0
14,18,gpt-5,0.8,1,0,1,0
14,19,gpt-5,0.8,3,0,3,0
14,20,gpt-5,0.8,2,1,2,1
14,21,gpt-5,0.8,3,0,3,0
14,22,gpt-5,0.8,2,0,2,0
14,23,gpt-5,0.8,3,0,3,0
14,24,gpt-5,0.8,3,0,3,0
14,25,gpt-5,0.8,3,0,3,0
14,26,gpt-5,0.8,3,0,3,0
14,27,gpt-5,0.8,2,0,2,0
14,28,gpt-5,0.8,6,1,6,1
14,29,gpt-5,0.8,2,0,2,0
14,30,gpt-5,0.8,2,0,2,0
14,31,gpt-5,0.8,2,0,2,0
14,32,gpt-5,0.8,2,0,2,0
14,33,gpt-5,0.8,4,2,4,2
14,34,gpt-5,0.8,2,0,2,0
14,35,gpt-5,0.8,3,0,3,0
14,36,gpt-5,0.8,1,0,1,0
14,37,gpt-5,0.8,3,0,3,0
14,38,gpt-5,0.8,2,0,2,0
14,39,gpt-5,0.8,1,0,1,0
14,40,gpt-5,0.8,3,1,3,1
14,41,gpt-5,0.8,0,0,0,0
14,42,gpt-5,0.8,0,0,1,1
14,43,gpt-5,0.8,0,0,0,0
14,44,gpt-5,0.8,0,0,0,0
14,45,gpt-5,0.8,0,0,0,0
14,46,gpt-5,0.8,0,0,0,0
14,47,gpt-5,0.8,0,0,1,1
14,48,gpt-5,0.8,0,0,0,0
14,49,gpt-5,0.8,0,0,0,0
14,50,gpt-5,0.8,0,0,1,1
14,51,gpt-5,0.8,0,0,1,1
14,52,gpt-5,0.8,0,0,1,1
14,53,gpt-5,0.8,0,0,0,0
14,54,gpt-5,0.8,0,0,0,0
14,55,gpt-5,0.8,0,0,0,0
14,56,gpt-5,0.8,0,0,0,0
14,57,gpt-5,0.8,0,0,0,0
14,58,gpt-5,0.8,0,0,0,0
14,59,gpt-5,0.8,0,0,0,0
14,60,gpt-5,0.8,0,0,0,0
15,1,gpt-5,0.8,4,1,4,1
15,2,gpt-5,0.8,2,0,2,0
15,3,gpt-5,0.8,3,0,4,1
15,4,gpt-5,0.8,2,0,2,0
15,5,gpt-5,0.8,2,0,2,0
15,6,gpt-5,0.8,2,0,2,0
15,7,gpt-5,0.8,1,0,1,0
15,8,gpt-5,0.8,1,0,2,1
15,9,gpt-5,0.8,1,0,2,1
15,10,gpt-5,0.8,2,0,2,0
15,11,gpt-5,0.8,3,0,3,0
15,12,gpt-5,0.8,5,0,5,0
15,13,gpt-5,0.8,3,0,3,0
15,14,gpt-5,0.8,2,0,3,1
15,15,gpt-5,0.8,3,0,3,0
15,16,gpt-5,0.8,1,0,1,0
15,17,gpt-5,0.8,1,0,1,0
15,18,gpt-5,0.8,1,0,1,0
15,19,gpt-5,0.8,3,0,3,0
15,20,gpt-5,0.8,2,0,2,0
15,21,gpt-5,0.8,3,0,3,0
15,22,gpt-5,0.8,2,0,2,0
15,23,gpt-5,0.8,3,0,3,0
15,24,gpt-5,0.8,3,0,3,0
15,25,gpt-5,0.8,3,0,3,0
15,26,gpt-5,0.8,3,0,3,0
15,27,gpt-5,0.8,2,0,2,0
15,28,gpt-5,0.8,6,1,6,1
15,29,gpt-5,0.8,2,0,2,0
15,30,gpt-5,0.8,2,0,2,0
15,31,gpt-5,0.8,2,0,2,0
15,32,gpt-5,0.8,2,0,2,0
15,33,gpt-5,0.8,4,2,5,3
15,34,gpt-5,0.8,2,0,2,0
15,35,gpt-5,0.8,3,0,3,0
15,36,gpt-5,0.8,1,0,1,0
15,37,gpt-5,0.8,3,0,3,0
15,38,gpt-5,0.8,2,0,2,0
15,39,gpt-5,0.8,1,0,1,0
15,40,gpt-5,0.8,3,0,3,0
15,41,gpt-5,0.8,0,0,0,0
15,42,gpt-5,0.8,0,0,1,1
15,43,gpt-5,0.8,0,0,0,0
15,44,gpt-5,0.8,0,0,0,0
15,45,gpt-5,0.8,0,0,0,0
15,46,gpt-5,0.8,0,0,0,0
15,47,gpt-5,0.8,0,0,1,1
15,48,gpt-5,0.8,0,0,0,0
15,49,gpt-5,0.8,0,0,0,0
15,50,gpt-5,0.8,0,0,1,1
15,51,gpt-5,0.8,0,0,1,1
15,52,gpt-5,0.8,0,0,1,1
15,53,gpt-5,0.8,0,0,0,0
15,54,gpt-5,0.8,0,0,0,0
15,55,gpt-5,0.8,0,0,0,0
15,56,gpt-5,0.8,0,0,0,0
15,57,gpt-5,0.8,0,0,1,1
15,58,gpt-5,0.8,0,0,0,0
15,59,gpt-5,0.8,0,0,0,0
15,60,gpt-5,0.8,0,0,0,0
16,1,gpt-5,0.8,4,1,4,1
16,2,gpt-5,0.8,2,0,2,0
16,3,gpt-5,0.8,3,0,4,1
16,4,gpt-5,0.8,2,0,2,0
16,5,gpt-5,0.8,2,0,2,0
16,6,gpt-5,0.8,2,0,2,0
16,7,gpt-5,0.8,1,0,2,1
16,8,gpt-5,0.8,1,0,2,1
16,9,gpt-5,0.8,1,0,2,1
16,10,gpt-5,0.8,2,0,2,0
16,11,gpt-5,0.8,3,0,3,0
16,12,gpt-5,0.8,5,0,5,0
16,13,gpt-5,0.8,3,0,3,0
16,14,gpt-5,0.8,2,0,3,1
16,15,gpt-5,0.8,3,0,3,0
16,16,gpt-5,0.8,1,0,1,0
16,17,gpt-5,0.8,1,0,1,0
16,18,gpt-5,0.8,1,0,1,0
16,19,gpt-5,0.8,3,0,3,0
16,20,gpt-5,0.8,2,0,2,0
16,21,gpt-5,0.8,3,0,3,0
16,22,gpt-5,0.8,2,0,2,0
16,23,gpt-5,0.8,3,0,3,0
16,24,gpt-5,0.8,3,0,3,0
16,25,gpt-5,0.8,3,0,3,0
16,26,gpt-5,0.8,3,0,3,0
16,27,gpt-5,0.8,2,0,2,0
16,28,gpt-5,0.8,6,0,6,0
16,29,gpt-5,0.8,2,0,2,0
16,30,gpt-5,0.8,2,0,2,0
16,31,gpt-5,0.8,2,2,2,2
16,32,gpt-5,0.8,2,0,2,0
16,33,gpt-5,0.8,4,2,5,3
16,34,gpt-5,0.8,2,0,2,0
16,35,gpt-5,0.8,3,0,3,0
16,36,gpt-5,0.8,1,0,1,0
16,37,gpt-5,0.8,3,0,3,0
16,38,gpt-5,0.8,2,0,2,0
16,39,gpt-5,0.8,1,0,1,0
16,40,gpt-5,0.8,3,0,3,0
16,41,gpt-5,0.8,0,0,0,0
16,42,gpt-5,0.8,0,0,1,1
16,43,gpt-5,0.8,0,0,0,0
16,44,gpt-5,0.8,0,0,0,0
16,45,gpt-5,0.8,0,0,0,0
16,46,gpt-5,0.8,0,0,0,0
16,47,gpt-5,0.8,0,0,1,1
16,48,gpt-5,0.8,0,0,0,0
16,49,gpt-5,0.8,0,0,0,0
16,50,gpt-5,0.8,0,0,1,1
16,51,gpt-5,0.8,0,0,1,1
16,52,gpt-5,0.8,0,0,1,1
16,53,gpt-5,0.8,0,0,0,0
16,54,gpt-5,0.8,0,0,0,0
16,55,gpt-5,0.8,0,0,0,0
16,56,gpt-5,0.8,0,0,0,0
16,57,gpt-5,0.8,0,0,1,1
16,58,gpt-5,0.8,0,0,0,0
16,59,gpt-5,0.8,0,0,0,0
16,60,gpt-5,0.8,0,0,0,0
17,1,gpt-5,0.75,4,1,5,2
17,2,gpt-5,0.75,2,0,2,0
17,3,gpt-5,0.75,3,0,3,0
17,4,gpt-5,0.75,2,0,2,0
17,5,gpt-5,0.75,2,0,2,0
17,6,gpt-5,0.75,2,0,2,0
17,7,gpt-5,0.75,1,0,1,0
17,8,gpt-5,0.75,1,1,2,2
17,9,gpt-5,0.75,1,0,2,1
17,10,gpt-5,0.75,2,0,2,0
17,11,gpt-5,0.75,3,0,3,0
17,12,gpt-5,0.75,5,0,5,0
17,13,gpt-5,0.75,3,0,3,0
17,14,gpt-5,0.75,2,0,3,1
17,15,gpt-5,0.75,3,0,3,0
17,16,gpt-5,0.75,1,0,1,0
17,17,gpt-5,0.75,1,0,1,0
17,18,gpt-5,0.75,1,0,1,0
17,19,gpt-5,0.75,3,0,3,0
17,20,gpt-5,0.75,2,1,2,1
17,21,gpt-5,0.75,3,0,3,0
17,22,gpt-5,0.75,2,0,2,0
17,23,gpt-5,0.75,3,0,3,0
17,24,gpt-5,0.75,3,0,3,0
17,25,gpt-5,0.75,3,0,3,0
17,26,gpt-5,0.75,3,0,3,0
17,27,gpt-5,0.75,2,0,2,0
17,28,gpt-5,0.75,6,1,6,1
17,29,gpt-5,0.75,2,0,2,0
17,30,gpt-5,0.75,2,0,2,0
17,31,gpt-5,0.75,2,0,2,0
17,32,gpt-5,0.75,2,0,2,0
17,33,gpt-5,0.75,4,2,5,3
17,34,gpt-5,0.75,2,0,2,0
17,35,gpt-5,0.75,3,0,3,0
17,36,gpt-5,0.75,1,0,1,0
17,37,gpt-5,0.75,3,0,3,0
17,38,gpt-5,0.75,2,0,2,0
17,39,gpt-5,0.75,1,0,1,0
17,40,gpt-5,0.75,3,0,3,0
17,41,gpt-5,0.75,0,0,0,0
17,42,gpt-5,0.75,0,0,1,1
17,43,gpt-5,0.75,0,0,0,0
17,44,gpt-5,0.75,0,0,0,0
17,45,gpt-5,0.75,0,0,0,0
17,46,gpt-5,0.75,0,0,0,0
17,47,gpt-5,0.75,0,0,1,1
17,48,gpt-5,0.75,0,0,0,0
17,49,gpt-5,0.75,0,0,0,0
17,50,gpt-5,0.75,0,0,1,1
17,51,gpt-5,0.75,0,0,1,1
17,52,gpt-5,0.75,0,0,1,1
17,53,gpt-5,0.75,0,0,0,0
17,54,gpt-5,0.75,0,0,0,0
17,55,gpt-5,0.75,0,0,0,0
17,56,gpt-5,0.75,0,0,0,0
17,57,gpt-5,0.75,0,0,1,1
17,58,gpt-5,0.75,0,0,0,0
17,59,gpt-5,0.75,0,0,0,0
17,60,gpt-5,0.75,0,0,0,0
18,1,gpt-5,0.75,4,1,5,2
18,2,gpt-5,0.75,2,0,2,0
18,3,gpt-5,0.75,3,0,4,1
18,4,gpt-5,0.75,2,0,2,0
18,5,gpt-5,0.75,2,0,2,0
18,6,gpt-5,0.75,2,0,2,0
18,7,gpt-5,0.75,1,0,1,0
18,8,gpt-5,0.75,1,0,2,1
18,9,gpt-5,0.75,1,0,2,1
18,10,gpt-5,0.75,2,0,2,0
18,11,gpt-5,0.75,3,0,3,0
18,12,gpt-5,0.75,5,0,5,0
18,13,gpt-5,0.75,3,0,3,0
18,14,gpt-5,0.75,2,1,2,1
18,15,gpt-5,0.75,3,0,3,0
18,16,gpt-5,0.75,1,0,1,0
18,17,gpt-5,0.75,1,0,1,0
18,18,gpt-5,0.75,1,0,1,0
18,19,gpt-5,0.75,3,0,3,0
18,20,gpt-5,0.75,2,0,2,0
18,21,gpt-5,0.75,3,0,3,0
18,22,gpt-5,0.75,2,0,2,0
18,23,gpt-5,0.75,3,0,3,0
18,24,gpt-5,0.75,3,0,3,0
18,25,gpt-5,0.75,3,0,3,0
18,26,gpt-5,0.75,3,0,3,0
18,27,gpt-5,0.75,2,0,2,0
18,28,gpt-5,0.75,6,1,6,1
18,29,gpt-5,0.75,2,0,2,0
18,30,gpt-5,0.75,2,0,2,0
18,31,gpt-5,0.75,2,0,2,0
18,32,gpt-5,0.75,2,0,2,0
18,33,gpt-5,0.75,4,2,5,3
18,34,gpt-5,0.75,2,0,2,0
18,35,gpt-5,0.75,3,0,3,0
18,36,gpt-5,0.75,1,0,1,0
18,37,gpt-5,0.75,3,0,3,0
18,38,gpt-5,0.75,2,0,2,0
18,39,gpt-5,0.75,1,0,1,0
18,40,gpt-5,0.75,3,0,3,0
18,41,gpt-5,0.75,0,0,0,0
18,42,gpt-5,0.75,0,0,1,1
18,43,gpt-5,0.75,0,0,0,0
18,44,gpt-5,0.75,0,0,0,0
18,45,gpt-5,0.75,0,0,0,0
18,46,gpt-5,0.75,0,0,0,0
18,47,gpt-5,0.75,0,0,1,1
18,48,gpt-5,0.75,0,0,0,0
18,49,gpt-5,0.75,0,0,0,0
18,50,gpt-5,0.75,0,0,1,1
18,51,gpt-5,0.75,0,0,1,1
18,52,gpt-5,0.75,0,0,1,1
18,53,gpt-5,0.75,0,0,0,0
18,54,gpt-5,0.75,0,0,0,0
18,55,gpt-5,0.75,0,0,0,0
18,56,gpt-5,0.75,0,0,0,0
18,57,gpt-5,0.75,0,0,0,0
18,58,gpt-5,0.75,0,0,0,0
18,59,gpt-5,0.75,0,0,0,0
18,60,gpt-5,0.75,0,0,0,0
19,1,gpt-5,0.75,4,1,5,2
19,2,gpt-5,0.75,2,0,2,0
19,3,gpt-5,0.75,3,0,4,1
19,4,gpt-5,0.75,2,0,2,0
19,5,gpt-5,0.75,2,0,2,0
19,6,gpt-5,0.75,2,0,2,0
19,7,gpt-5,0.75,1,0,1,0
19,8,gpt-5,0.75,1,1,2,2
19,9,gpt-5,0.75,1,0,2,1
19,10,gpt-5,0.75,2,0,2,0
19,11,gpt-5,0.75,3,0,3,0
19,12,gpt-5,0.75,5,0,5,0
19,13,gpt-5,0.75,3,0,3,0
19,14,gpt-5,0.75,2,0,3,1
19,15,gpt-5,0.75,3,0,3,0
19,16,gpt-5,0.75,1,0,1,0
19,17,gpt-5,0.75,1,0,1,0
19,18,gpt-5,0.75,1,0,1,0
19,19,gpt-5,0.75,3,0,4,1
19,20,gpt-5,0.75,2,0,2,0
19,21,gpt-5,0.75,3,0,3,0
19,22,gpt-5,0.75,2,0,2,0
19,23,gpt-5,0.75,3,0,3,0
19,24,gpt-5,0.75,3,0,3,0
19,25,gpt-5,0.75,3,0,3,0
19,26,gpt-5,0.75,3,0,3,0
19,27,gpt-5,0.75,2,0,2,0
19,28,gpt-5,0.75,6,0,6,0
19,29,gpt-5,0.75,2,0,2,0
19,30,gpt-5,0.75,2,0,2,0
19,31,gpt-5,0.75,2,0,2,0
19,32,gpt-5,0.75,2,0,2,0
19,33,gpt-5,0.75,4,2,5,3
19,34,gpt-5,0.75,2,0,2,0
19,35,gpt-5,0.75,3,0,3,0
19,36,gpt-5,0.75,1,0,1,0
19,37,gpt-5,0.75,3,0,3,0
19,38,gpt-5,0.75,2,0,2,0
19,39,gpt-5,0.75,1,0,1,0
19,40,gpt-5,0.75,3,0,3,0
19,41,gpt-5,0.75,0,0,0,0
19,42,gpt-5,0.75,0,0,1,1
19,43,gpt-5,0.75,0,0,0,0
19,44,gpt-5,0.75,0,0,0,0
19,45,gpt-5,0.75,0,0,0,0
19,46,gpt-5,0.75,0,0,0,0
19,47,gpt-5,0.75,0,0,1,1
19,48,gpt-5,0.75,0,0,0,0
19,49,gpt-5,0.75,0,0,0,0
19,50,gpt-5,0.75,0,0,1,1
19,51,gpt-5,0.75,0,0,1,1
19,52,gpt-5,0.75,0,0,1,1
19,53,gpt-5,0.75,0,0,0,0
19,54,gpt-5,0.75,0,0,0,0
19,55,gpt-5,0.75,0,0,0,0
19,56,gpt-5,0.75,0,0,0,0
19,57,gpt-5,0.75,0,0,1,1
19,58,gpt-5,0.75,0,0,0,0
19,59,gpt-5,0.75,0,0,0,0
19,60,gpt-5,0.75,0,0,0,0
20,1,gpt-5,0.75,4,1,5,2
20,2,gpt-5,0.75,2,0,2,0
20,3,gpt-5,0.75,3,0,3,0
20,4,gpt-5,0.75,2,0,2,0
20,5,gpt-5,0.75,2,0,2,0
20,6,gpt-5,0.75,2,1,1,0
20,7,gpt-5,0.75,1,0,1,0
20,8,gpt-5,0.75,1,0,2,1
20,9,gpt-5,0.75,1,0,2,1
20,10,gpt-5,0.75,2,0,2,0
20,11,gpt-5,0.75,3,0,3,0
20,12,gpt-5,0.75,5,0,5,0
20,13,gpt-5,0.75,3,0,3,0
20,14,gpt-5,0.75,2,0,3,1
20,15,gpt-5,0.75,3,0,3,0
20,16,gpt-5,0.75,1,0,1,0
20,17,gpt-5,0.75,1,0,1,0
20,18,gpt-5,0.75,1,0,1,0
20,19,gpt-5,0.75,3,0,3,0
20,20,gpt-5,0.75,2,0,2,0
20,21,gpt-5,0.75,3,0,3,0
20,22,gpt-5,0.75,2,0,2,0
20,23,gpt-5,0.75,3,0,3,0
20,24,gpt-5,0.75,3,0,3,0
20,25,gpt-5,0.75,3,0,3,0
20,26,gpt-5,0.75,3,0,3,0
20,27,gpt-5,0.75,2,0,2,0
20,28,gpt-5,0.75,6,1,6,1
20,29,gpt-5,0.75,2,0,2,0
20,30,gpt-5,0.75,2,0,2,0
20,31,gpt-5,0.75,2,1,2,1
20,32,gpt-5,0.75,2,0,2,0
20,33,gpt-5,0.75,4,2,5,3
20,34,gpt-5,0.75,2,0,2,0
20,35,gpt-5,0.75,3,0,3,0
20,36,gpt-5,0.75,1,0,1,0
20,37,gpt-5,0.75,3,0,3,0
20,38,gpt-5,0.75,2,0,2,0
20,39,gpt-5,0.75,1,0,1,0
20,40,gpt-5,0.75,3,0,3,0
20,41,gpt-5,0.75,0,0,0,0
20,42,gpt-5,0.75,0,0,1,1
20,43,gpt-5,0.75,0,0,0,0
20,44,gpt-5,0.75,0,0,0,0
20,45,gpt-5,0.75,0,0,0,0
20,46,gpt-5,0.75,0,0,2,2
20,47,gpt-5,0.75,0,0,1,1
20,48,gpt-5,0.75,0,0,0,0
20,49,gpt-5,0.75,0,0,0,0
20,50,gpt-5,0.75,0,0,1,1
20,51,gpt-5,0.75,0,0,1,1
20,52,gpt-5,0.75,0,0,1,1
20,53,gpt-5,0.75,0,0,0,0
20,54,gpt-5,0.75,0,0,0,0
20,55,gpt-5,0.75,0,0,0,0
20,56,gpt-5,0.75,0,0,0,0
20,57,gpt-5,0.75,0,0,1,1
20,58,gpt-5,0.75,0,0,0,0
20,59,gpt-5,0.75,0,0,0,0
20,60,gpt-5,0.75,0,0,0,0
1,1,gpt-5,0.7,4,1,3,0
1,2,gpt-5,0.7,2,0,2,0
1,3,gpt-5,0.7,3,0,4,1
1,4,gpt-5,0.7,2,0,2,0
1,5,gpt-5,0.7,2,0,2,0
1,6,gpt-5,0.7,2,0,2,0
1,7,gpt-5,0.7,1,0,2,1
1,8,gpt-5,0.7,1,1,2,2
1,9,gpt-5,0.7,1,0,2,1
1,10,gpt-5,0.7,2,0,2,0
1,11,gpt-5,0.7,3,0,3,0
1,12,gpt-5,0.7,5,0,5,0
1,13,gpt-5,0.7,3,0,3,0
1,14,gpt-5,0.7,2,0,3,1
1,15,gpt-5,0.7,3,0,3,0
1,16,gpt-5,0.7,1,0,1,0
1,17,gpt-5,0.7,1,0,1,0
1,18,gpt-5,0.7,1,0,1,0
1,19,gpt-5,0.7,3,0,3,0
1,20,gpt-5,0.7,2,1,2,1
1,21,gpt-5,0.7,3,0,3,0
1,22,gpt-5,0.7,2,0,2,0
1,23,gpt-5,0.7,3,0,3,0
1,24,gpt-5,0.7,3,0,3,0
1,25,gpt-5,0.7,3,0,3,0
1,26,gpt-5,0.7,3,0,3,0
1,27,gpt-5,0.7,2,0,2,0
1,28,gpt-5,0.7,6,0,6,0
1,29,gpt-5,0.7,2,0,2,0
1,30,gpt-5,0.7,2,0,2,0
1,31,gpt-5,0.7,2,0,2,0
1,32,gpt-5,0.7,2,0,2,0
1,33,gpt-5,0.7,4,2,5,3
1,34,gpt-5,0.7,2,0,2,0
1,35,gpt-5,0.7,3,0,3,0
1,36,gpt-5,0.7,1,0,1,0
1,37,gpt-5,0.7,3,0,3,0
1,38,gpt-5,0.7,2,0,2,0
1,39,gpt-5,0.7,1,0,1,0
1,40,gpt-5,0.7,3,0,3,0
1,41,gpt-5,0.7,0,0,0,0
1,42,gpt-5,0.7,0,0,1,1
1,43,gpt-5,0.7,0,0,0,0
1,44,gpt-5,0.7,0,0,0,0
1,45,gpt-5,0.7,0,0,0,0
1,46,gpt-5,0.7,0,0,0,0
1,47,gpt-5,0.7,0,0,1,1
1,48,gpt-5,0.7,0,0,0,0
1,49,gpt-5,0.7,0,0,0,0
1,50,gpt-5,0.7,0,0,1,1
1,51,gpt-5,0.7,0,0,1,1
1,52,gpt-5,0.7,0,0,1,1
1,53,gpt-5,0.7,0,0,0,0
1,54,gpt-5,0.7,0,0,0,0
1,55,gpt-5,0.7,0,0,0,0
1,56,gpt-5,0.7,0,0,0,0
1,57,gpt-5,0.7,0,0,0,0
1,58,gpt-5,0.7,0,0,0,0
1,59,gpt-5,0.7,0,0,0,0
1,60,gpt-5,0.7,0,0,0,0
2,1,gpt-5,0.7,4,1,5,2
2,2,gpt-5,0.7,2,0,2,0
2,3,gpt-5,0.7,3,0,4,1
2,4,gpt-5,0.7,2,0,2,0
2,5,gpt-5,0.7,2,0,2,0
2,6,gpt-5,0.7,2,0,2,0
2,7,gpt-5,0.7,1,0,1,0
2,8,gpt-5,0.7,1,0,2,1
2,9,gpt-5,0.7,1,0,2,1
2,10,gpt-5,0.7,2,0,2,0
2,11,gpt-5,0.7,3,0,3,0
2,12,gpt-5,0.7,5,0,5,0
2,13,gpt-5,0.7,3,0,3,0
2,14,gpt-5,0.7,2,0,3,1
2,15,gpt-5,0.7,3,0,3,0
2,16,gpt-5,0.7,1,0,1,0
2,17,gpt-5,0.7,1,0,1,0
2,18,gpt-5,0.7,1,0,1,0
2,19,gpt-5,0.7,3,0,3,0
2,20,gpt-5,0.7,2,0,2,0
2,21,gpt-5,0.7,3,0,3,0
2,22,gpt-5,0.7,2,0,2,0
2,23,gpt-5,0.7,3,0,3,0
2,24,gpt-5,0.7,3,0,3,0
2,25,gpt-5,0.7,3,0,3,0
2,26,gpt-5,0.7,3,0,3,0
2,27,gpt-5,0.7,2,0,2,0
2,28,gpt-5,0.7,6,0,6,0
2,29,gpt-5,0.7,2,0,2,0
2,30,gpt-5,0.7,2,0,2,0
2,31,gpt-5,0.7,2,1,2,1
2,32,gpt-5,0.7,2,0,2,0
2,33,gpt-5,0.7,4,1,5,2
2,34,gpt-5,0.7,2,0,2,0
2,35,gpt-5,0.7,3,0,3,0
2,36,gpt-5,0.7,1,0,1,0
2,37,gpt-5,0.7,3,0,3,0
2,38,gpt-5,0.7,2,0,2,0
2,39,gpt-5,0.7,1,0,1,0
2,40,gpt-5,0.7,3,0,3,0
2,41,gpt-5,0.7,0,0,0,0
2,42,gpt-5,0.7,0,0,1,1
2,43,gpt-5,0.7,0,0,0,0
2,44,gpt-5,0.7,0,0,0,0
2,45,gpt-5,0.7,0,0,0,0
2,46,gpt-5,0.7,0,0,0,0
2,47,gpt-5,0.7,0,0,0,0
2,48,gpt-5,0.7,0,0,0,0
2,49,gpt-5,0.7,0,0,0,0
2,50,gpt-5,0.7,0,0,1,1
2,51,gpt-5,0.7,0,0,1,1
2,52,gpt-5,0.7,0,0,1,1
2,53,gpt-5,0.7,0,0,0,0
2,54,gpt-5,0.7,0,0,0,0
2,55,gpt-5,0.7,0,0,0,0
2,56,gpt-5,0.7,0,0,0,0
2,57,gpt-5,0.7,0,0,1,1
2,58,gpt-5,0.7,0,0,0,0
2,59,gpt-5,0.7,0,0,0,0
2,60,gpt-5,0.7,0,0,0,0
3,1,gpt-5,0.7,4,1,5,2
3,2,gpt-5,0.7,2,0,2,0
3,3,gpt-5,0.7,3,0,4,1
3,4,gpt-5,0.7,2,0,2,0
3,5,gpt-5,0.7,2,0,2,0
3,6,gpt-5,0.7,2,1,1,0
3,7,gpt-5,0.7,1,0,1,0
3,8,gpt-5,0.7,1,0,2,1
3,9,gpt-5,0.7,1,0,2,1
3,10,gpt-5,0.7,2,0,2,0
3,11,gpt-5,0.7,3,0,3,0
3,12,gpt-5,0.7,5,0,5,0
3,13,gpt-5,0.7,3,0,3,0
3,14,gpt-5,0.7,2,0,3,1
3,15,gpt-5,0.7,3,0,3,0
3,16,gpt-5,0.7,1,0,1,0
3,17,gpt-5,0.7,1,0,1,0
3,18,gpt-5,0.7,1,0,1,0
3,19,gpt-5,0.7,3,0,3,0
3,20,gpt-5,0.7,2,0,2,0
3,21,gpt-5,0.7,3,0,3,0
3,22,gpt-5,0.7,2,0,2,0
3,23,gpt-5,0.7,3,0,3,0
3,24,gpt-5,0.7,3,0,3,0
3,25,gpt-5,0.7,3,0,3,0
3,26,gpt-5,0.7,3,0,3,0
3,27,gpt-5,0.7,2,0,2,0
3,28,gpt-5,0.7,6,0,6,0
3,29,gpt-5,0.7,2,0,2,0
3,30,gpt-5,0.7,2,0,2,0
3,31,gpt-5,0.7,2,0,2,0
3,32,gpt-5,0.7,2,0,2,0
3,33,gpt-5,0.7,4,1,5,2
3,34,gpt-5,0.7,2,0,2,0
3,35,gpt-5,0.7,3,0,3,0
3,36,gpt-5,0.7,1,0,1,0
3,37,gpt-5,0.7,3,0,3,0
3,38,gpt-5,0.7,2,0,2,0
3,39,gpt-5,0.7,1,0,1,0
3,40,gpt-5,0.7,3,0,3,0
3,41,gpt-5,0.7,0,0,0,0
3,42,gpt-5,0.7,0,0,1,1
3,43,gpt-5,0.7,0,0,0,0
3,44,gpt-5,0.7,0,0,0,0
3,45,gpt-5,0.7,0,0,0,0
3,46,gpt-5,0.7,0,0,0,0
3,47,gpt-5,0.7,0,0,1,1
3,48,gpt-5,0.7,0,0,0,0
3,49,gpt-5,0.7,0,0,0,0
3,50,gpt-5,0.7,0,0,1,1
3,51,gpt-5,0.7,0,0,1,1
3,52,gpt-5,0.7,0,0,1,1
3,53,gpt-5,0.7,0,0,0,0
3,54,gpt-5,0.7,0,0,0,0
3,55,gpt-5,0.7,0,0,0,0
3,56,gpt-5,0.7,0,0,0,0
3,57,gpt-5,0.7,0,0,1,1
3,58,gpt-5,0.7,0,0,0,0
3,59,gpt-5,0.7,0,0,0,0
3,60,gpt-5,0.7,0,0,0,0
4,1,gpt-5,0.7,4,2,3,1
4,2,gpt-5,0.7,2,0,2,0
4,3,gpt-5,0.7,3,0,4,1
4,4,gpt-5,0.7,2,0,2,0
4,5,gpt-5,0.7,2,0,2,0
4,6,gpt-5,0.7,2,0,2,0
4,7,gpt-5,0.7,1,0,1,0
4,8,gpt-5,0.7,1,0,2,1
4,9,gpt-5,0.7,1,0,2,1
4,10,gpt-5,0.7,2,0,2,0
4,11,gpt-5,0.7,3,0,3,0
4,12,gpt-5,0.7,5,0,5,0
4,13,gpt-5,0.7,3,0,3,0
4,14,gpt-5,0.7,2,0,3,1
4,15,gpt-5,0.7,3,0,3,0
4,16,gpt-5,0.7,1,0,1,0
4,17,gpt-5,0.7,1,0,1,0
4,18,gpt-5,0.7,1,0,1,0
4,19,gpt-5,0.7,3,0,3,0
4,20,gpt-5,0.7,2,0,2,0
4,21,gpt-5,0.7,3,0,3,0
4,22,gpt-5,0.7,2,0,2,0
4,23,gpt-5,0.7,3,0,3,0
4,24,gpt-5,0.7,3,0,3,0
4,25,gpt-5,0.7,3,0,3,0
4,26,gpt-5,0.7,3,0,3,0
4,27,gpt-5,0.7,2,0,2,0
4,28,gpt-5,0.7,6,0,6,0
4,29,gpt-5,0.7,2,0,2,0
4,30,gpt-5,0.7,2,0,2,0
4,31,gpt-5,0.7,2,0,2,0
4,32,gpt-5,0.7,2,0,2,0
4,33,gpt-5,0.7,4,1,5,2
4,34,gpt-5,0.7,2,0,2,0
4,35,gpt-5,0.7,3,0,3,0
4,36,gpt-5,0.7,1,0,1,0
4,37,gpt-5,0.7,3,0,3,0
4,38,gpt-5,0.7,2,0,2,0
4,39,gpt-5,0.7,1,0,1,0
4,40,gpt-5,0.7,3,0,3,0
4,41,gpt-5,0.7,0,0,0,0
4,42,gpt-5,0.7,0,0,3,3
4,43,gpt-5,0.7,0,0,0,0
4,44,gpt-5,0.7,0,0,0,0
4,45,gpt-5,0.7,0,0,0,0
4,46,gpt-5,0.7,0,0,0,0
4,47,gpt-5,0.7,0,0,1,1
4,48,gpt-5,0.7,0,0,0,0
4,49,gpt-5,0.7,0,0,0,0
4,50,gpt-5,0.7,0,0,1,1
4,51,gpt-5,0.7,0,0,1,1
4,52,gpt-5,0.7,0,0,1,1
4,53,gpt-5,0.7,0,0,0,0
4,54,gpt-5,0.7,0,0,0,0
4,55,gpt-5,0.7,0,0,0,0
4,56,gpt-5,0.7,0,0,0,0
4,57,gpt-5,0.7,0,0,1,1
4,58,gpt-5,0.7,0,0,0,0
4,59,gpt-5,0.7,0,0,0,0
4,60,gpt-5,0.7,0,0,0,0
1,1,gpt-5,0.65,4,1,3,0
1,2,gpt-5,0.65,2,0,2,0
1,3,gpt-5,0.65,3,0,4,1
1,4,gpt-5,0.65,2,0,2,0
1,5,gpt-5,0.65,2,0,2,0
1,6,gpt-5,0.65,2,0,2,0
1,7,gpt-5,0.65,1,0,2,1
1,8,gpt-5,0.65,1,0,2,1
1,9,gpt-5,0.65,1,0,2,1
1,10,gpt-5,0.65,2,0,2,0
1,11,gpt-5,0.65,3,0,3,0
1,12,gpt-5,0.65,5,0,5,0
1,13,gpt-5,0.65,3,0,3,0
1,14,gpt-5,0.65,2,0,3,1
1,15,gpt-5,0.65,3,0,3,0
1,16,gpt-5,0.65,1,0,1,0
1,17,gpt-5,0.65,1,0,1,0
1,18,gpt-5,0.65,1,0,1,0
1,19,gpt-5,0.65,3,0,3,0
1,20,gpt-5,0.65,2,0,2,0
1,21,gpt-5,0.65,3,0,3,0
1,22,gpt-5,0.65,2,0,2,0
1,23,gpt-5,0.65,3,0,3,0
1,24,gpt-5,0.65,3,0,3,0
1,25,gpt-5,0.65,3,0,3,0
1,26,gpt-5,0.65,3,0,3,0
1,27,gpt-5,0.65,2,0,2,0
1,28,gpt-5,0.65,6,0,6,0
1,29,gpt-5,0.65,2,0,2,0
1,30,gpt-5,0.65,2,0,2,0
1,31,gpt-5,0.65,2,0,2,0
1,32,gpt-5,0.65,2,0,2,0
1,33,gpt-5,0.65,4,1,5,2
1,34,gpt-5,0.65,2,0,2,0
1,35,gpt-5,0.65,3,0,3,0
1,36,gpt-5,0.65,1,0,1,0
1,37,gpt-5,0.65,3,0,3,0
1,38,gpt-5,0.65,2,0,2,0
1,39,gpt-5,0.65,1,0,1,0
1,40,gpt-5,0.65,3,0,3,0
1,41,gpt-5,0.65,0,0,0,0
1,42,gpt-5,0.65,0,0,1,1
1,43,gpt-5,0.65,0,0,0,0
1,44,gpt-5,0.65,0,0,0,0
1,45,gpt-5,0.65,0,0,0,0
1,46,gpt-5,0.65,0,0,0,0
1,47,gpt-5,0.65,0,0,1,1
1,48,gpt-5,0.65,0,0,0,0
1,49,gpt-5,0.65,0,0,0,0
1,50,gpt-5,0.65,0,0,1,1
1,51,gpt-5,0.65,0,0,1,1
1,52,gpt-5,0.65,0,0,1,1
1,53,gpt-5,0.65,0,0,0,0
1,54,gpt-5,0.65,0,0,0,0
1,55,gpt-5,0.65,0,0,0,0
1,56,gpt-5,0.65,0,0,0,0
1,57,gpt-5,0.65,0,0,0,0
1,58,gpt-5,0.65,0,0,0,0
1,59,gpt-5,0.65,0,0,0,0
1,60,gpt-5,0.65,0,0,0,0
2,1,gpt-5,0.65,4,1,4,1
2,2,gpt-5,0.65,2,0,2,0
2,3,gpt-5,0.65,3,0,4,1
2,4,gpt-5,0.65,2,0,2,0
2,5,gpt-5,0.65,2,0,2,0
2,6,gpt-5,0.65,2,0,2,0
2,7,gpt-5,0.65,1,0,2,1
2,8,gpt-5,0.65,1,1,2,2
2,9,gpt-5,0.65,1,0,2,1
2,10,gpt-5,0.65,2,0,2,0
2,11,gpt-5,0.65,3,0,3,0
2,12,gpt-5,0.65,5,0,5,0
2,13,gpt-5,0.65,3,0,3,0
2,14,gpt-5,0.65,2,1,3,2
2,15,gpt-5,0.65,3,0,3,0
2,16,gpt-5,0.65,1,0,1,0
2,17,gpt-5,0.65,1,0,1,0
2,18,gpt-5,0.65,1,0,1,0
2,19,gpt-5,0.65,3,0,3,0
2,20,gpt-5,0.65,2,0,2,0
2,21,gpt-5,0.65,3,0,3,0
2,22,gpt-5,0.65,2,0,2,0
2,23,gpt-5,0.65,3,0,3,0
2,24,gpt-5,0.65,3,0,3,0
2,25,gpt-5,0.65,3,0,3,0
2,26,gpt-5,0.65,3,0,3,0
2,27,gpt-5,0.65,2,0,2,0
2,28,gpt-5,0.65,6,0,6,0
2,29,gpt-5,0.65,2,0,2,0
2,30,gpt-5,0.65,2,0,2,0
2,31,gpt-5,0.65,2,1,2,1
2,32,gpt-5,0.65,2,0,2,0
2,33,gpt-5,0.65,4,1,5,2
2,34,gpt-5,0.65,2,0,2,0
2,35,gpt-5,0.65,3,0,3,0
2,36,gpt-5,0.65,1,0,1,0
2,37,gpt-5,0.65,3,0,3,0
2,38,gpt-5,0.65,2,0,2,0
2,39,gpt-5,0.65,1,0,1,0
2,40,gpt-5,0.65,3,0,3,0
2,41,gpt-5,0.65,0,0,0,0
2,42,gpt-5,0.65,0,0,1,1
2,43,gpt-5,0.65,0,0,0,0
2,44,gpt-5,0.65,0,0,0,0
2,45,gpt-5,0.65,0,0,0,0
2,46,gpt-5,0.65,0,0,0,0
2,47,gpt-5,0.65,0,0,1,1
2,48,gpt-5,0.65,0,0,0,0
2,49,gpt-5,0.65,0,0,0,0
2,50,gpt-5,0.65,0,0,1,1
2,51,gpt-5,0.65,0,0,1,1
2,52,gpt-5,0.65,0,0,1,1
2,53,gpt-5,0.65,0,0,0,0
2,54,gpt-5,0.65,0,0,0,0
2,55,gpt-5,0.65,0,0,0,0
2,56,gpt-5,0.65,0,0,0,0
2,57,gpt-5,0.65,0,0,1,1
2,58,gpt-5,0.65,0,0,0,0
2,59,gpt-5,0.65,0,0,0,0
2,60,gpt-5,0.65,0,0,0,0
3,1,gpt-5,0.65,4,1,3,0
3,2,gpt-5,0.65,2,0,2,0
3,3,gpt-5,0.65,3,0,4,1
3,4,gpt-5,0.65,2,0,2,0
3,5,gpt-5,0.65,2,0,2,0
3,6,gpt-5,0.65,2,0,2,0
3,7,gpt-5,0.65,1,0,2,1
3,8,gpt-5,0.65,1,0,2,1
3,9,gpt-5,0.65,1,0,2,1
3,10,gpt-5,0.65,2,0,2,0
3,11,gpt-5,0.65,3,0,3,0
3,12,gpt-5,0.65,5,0,5,0
3,13,gpt-5,0.65,3,0,3,0
3,14,gpt-5,0.65,2,0,3,1
3,15,gpt-5,0.65,3,0,3,0
3,16,gpt-5,0.65,1,0,1,0
3,17,gpt-5,0.65,1,0,1,0
3,18,gpt-5,0.65,1,0,1,0
3,19,gpt-5,0.65,3,0,3,0
3,20,gpt-5,0.65,2,0,2,0
3,21,gpt-5,0.65,3,0,3,0
3,22,gpt-5,0.65,2,0,2,0
3,23,gpt-5,0.65,3,0,3,0
3,24,gpt-5,0.65,3,0,3,0
3,25,gpt-5,0.65,3,0,3,0
3,26,gpt-5,0.65,3,0,3,0
3,27,gpt-5,0.65,2,0,2,0
3,28,gpt-5,0.65,6,0,6,0
3,29,gpt-5,0.65,2,0,2,0
3,30,gpt-5,0.65,2,0,2,0
3,31,gpt-5,0.65,2,0,2,0
3,32,gpt-5,0.65,2,0,2,0
3,33,gpt-5,0.65,4,1,5,2
3,34,gpt-5,0.65,2,0,2,0
3,35,gpt-5,0.65,3,0,3,0
3,36,gpt-5,0.65,1,0,1,0
3,37,gpt-5,0.65,3,0,3,0
3,38,gpt-5,0.65,2,0,2,0
3,39,gpt-5,0.65,1,0,1,0
3,40,gpt-5,0.65,3,0,3,0
3,41,gpt-5,0.65,0,0,0,0
3,42,gpt-5,0.65,0,0,1,1
3,43,gpt-5,0.65,0,0,0,0
3,44,gpt-5,0.65,0,0,0,0
3,45,gpt-5,0.65,0,0,0,0
3,46,gpt-5,0.65,0,0,0,0
3,47,gpt-5,0.65,0,0,1,1
3,48,gpt-5,0.65,0,0,0,0
3,49,gpt-5,0.65,0,0,0,0
3,50,gpt-5,0.65,0,0,1,1
3,51,gpt-5,0.65,0,0,1,1
3,52,gpt-5,0.65,0,0,1,1
3,53,gpt-5,0.65,0,0,0,0
3,54,gpt-5,0.65,0,0,0,0
3,55,gpt-5,0.65,0,0,0,0
3,56,gpt-5,0.65,0,0,0,0
3,57,gpt-5,0.65,0,0,0,0
3,58,gpt-5,0.65,0,0,0,0
3,59,gpt-5,0.65,0,0,0,0
3,60,gpt-5,0.65,0,0,0,0
4,1,gpt-5,0.65,4,1,4,1
4,2,gpt-5,0.65,2,0,2,0
4,3,gpt-5,0.65,3,0,4,1
4,4,gpt-5,0.65,2,0,2,0
4,5,gpt-5,0.65,2,0,2,0
4,6,gpt-5,0.65,2,0,2,0
4,7,gpt-5,0.65,1,0,2,1
4,8,gpt-5,0.65,1,0,2,1
4,9,gpt-5,0.65,1,0,2,1
4,10,gpt-5,0.65,2,0,2,0
4,11,gpt-5,0.65,3,0,3,0
4,12,gpt-5,0.65,5,0,5,0
4,13,gpt-5,0.65,3,0,3,0
4,14,gpt-5,0.65,2,1,3,2
4,15,gpt-5,0.65,3,0,3,0
4,16,gpt-5,0.65,1,0,1,0
4,17,gpt-5,0.65,1,0,1,0
4,18,gpt-5,0.65,1,0,1,0
4,19,gpt-5,0.65,3,0,3,0
4,20,gpt-5,0.65,2,0,2,0
4,21,gpt-5,0.65,3,0,3,0
4,22,gpt-5,0.65,2,0,2,0
4,23,gpt-5,0.65,3,0,3,0
4,24,gpt-5,0.65,3,0,3,0
4,25,gpt-5,0.65,3,0,3,0
4,26,gpt-5,0.65,3,0,3,0
4,27,gpt-5,0.65,2,0,2,0
4,28,gpt-5,0.65,6,0,6,0
4,29,gpt-5,0.65,2,0,2,0
4,30,gpt-5,0.65,2,0,2,0
4,31,gpt-5,0.65,2,1,2,1
4,32,gpt-5,0.65,2,0,2,0
4,33,gpt-5,0.65,4,1,5,2
4,34,gpt-5,0.65,2,0,2,0
4,35,gpt-5,0.65,3,0,3,0
4,36,gpt-5,0.65,1,0,1,0
4,37,gpt-5,0.65,3,0,3,0
4,38,gpt-5,0.65,2,0,2,0
4,39,gpt-5,0.65,1,0,1,0
4,40,gpt-5,0.65,3,0,3,0
4,41,gpt-5,0.65,0,0,0,0
4,42,gpt-5,0.65,0,0,1,1
4,43,gpt-5,0.65,0,0,0,0
4,44,gpt-5,0.65,0,0,0,0
4,45,gpt-5,0.65,0,0,0,0
4,46,gpt-5,0.65,0,0,0,0
4,47,gpt-5,0.65,0,0,1,1
4,48,gpt-5,0.65,0,0,0,0
4,49,gpt-5,0.65,0,0,0,0
4,50,gpt-5,0.65,0,0,1,1
4,51,gpt-5,0.65,0,0,1,1
4,52,gpt-5,0.65,0,0,1,1
4,53,gpt-5,0.65,0,0,0,0
4,54,gpt-5,0.65,0,0,0,0
4,55,gpt-5,0.65,0,0,0,0
4,56,gpt-5,0.65,0,0,0,0
4,57,gpt-5,0.65,0,0,1,1
4,58,gpt-5,0.65,0,0,0,0
4,59,gpt-5,0.65,0,0,0,0
4,60,gpt-5,0.65,0,0,0,0
